timestamp,total_load_MW,solar_MW,wind_MW,grid_import_MW,losses_MW,min_voltage_pu,v_res_pu,v_ind_pu,v_com_pu,v_crit_pu,max_loading_pct,tr_res_loading_pct,tr_ind_loading_pct,tr_com_loading_pct,tr_crit_loading_pct,line_main_loading_pct,undervoltage_flag,overload_flag
2024-06-22 00:00,1.411,0.0,0.0005,1.3128,0.0656,0.7601,0.7224,0.962,0.971,0.9137,30.08,30.08,2.37,1.51,11.1,20.92,1,0
2024-06-22 01:00,1.259,0.0,0.0002,1.2564,0.054,0.8101,0.7828,0.9637,0.9732,0.9137,24.76,24.76,2.44,1.51,11.4,19.52,1,0
2024-06-22 02:00,1.296,0.0,0.002,1.2778,0.0565,0.801,0.7717,0.9618,0.9723,0.9141,25.74,25.74,2.57,1.53,11.23,19.95,1,0
2024-06-22 03:00,1.277,0.0,0.001,1.2634,0.0553,0.8036,0.7749,0.9635,0.9726,0.9145,25.48,25.48,2.43,1.56,11.25,19.69,1,0
2024-06-22 04:00,1.529,0.0,0.0007,1.4633,0.0738,0.7691,0.7337,0.9443,0.9651,0.9048,28.73,28.73,3.83,1.58,11.53,23.22,1,0
2024-06-22 05:00,2.217,0.0,0.0156,2.011,0.1372,0.7024,0.6546,0.885,0.9318,0.8817,34.14,34.14,7.99,3.24,11.62,33.08,1,0
2024-06-22 06:00,3.055,0.0,0.0113,2.5883,0.2349,0.6285,0.5679,0.8245,0.8797,0.8533,44.08,39.64,11.61,6.91,12.02,44.08,1,0
2024-06-22 07:00,3.492,0.093,0.0076,2.8097,0.2911,0.6102,0.5475,0.8065,0.8227,0.8406,48.86,40.57,12.17,12.26,12.07,48.86,1,0
2024-06-22 08:00,3.714,0.166,0.0072,2.9149,0.3251,0.618,0.5575,0.7915,0.7908,0.8331,51.36,39.42,12.94,14.99,12.13,51.36,1,0
2024-06-22 09:00,3.657,0.249,0.0075,2.8575,0.3232,0.6387,0.5825,0.7914,0.7808,0.8347,50.75,37.49,12.96,16.06,11.94,50.75,1,0
2024-06-22 10:00,3.397,0.311,0.0213,2.7316,0.2984,0.6829,0.6351,0.7954,0.7899,0.8375,48.37,33.52,12.98,15.55,12.12,48.37,1,0
2024-06-22 11:00,3.377,0.375,0.0266,2.6849,0.2978,0.7016,0.6581,0.7929,0.7848,0.8373,47.9,31.64,13.22,16.09,12.15,47.9,1,0
2024-06-22 12:00,3.302,0.351,0.0062,2.6808,0.29,0.6995,0.6552,0.7986,0.7915,0.8379,47.44,31.95,12.81,15.54,12.26,47.44,1,0
2024-06-22 13:00,3.362,0.077,0.0509,2.9351,0.3049,0.6944,0.6486,0.7953,0.7822,0.8348,50.16,32.13,12.78,16.13,12.2,50.16,1,0
2024-06-22 14:00,3.525,0.366,0.0281,2.7051,0.3067,0.6632,0.6118,0.7941,0.785,0.8374,48.69,35.41,13.02,15.98,12.02,48.69,1,0
2024-06-22 15:00,3.603,0.252,0.0305,2.7655,0.3067,0.6271,0.5683,0.7952,0.8015,0.8377,49.33,38.85,12.95,14.25,12.03,49.33,1,0
2024-06-22 16:00,3.585,0.17,0.0235,2.8095,0.3035,0.6174,0.5564,0.799,0.8085,0.8378,49.51,39.77,12.65,13.56,12.1,49.51,1,0
2024-06-22 17:00,3.66,0.085,0.0181,2.7482,0.2885,0.5731,0.5045,0.8141,0.8295,0.8438,48.34,43.96,11.62,11.71,11.91,48.34,1,0
2024-06-22 18:00,3.554,0.0,0.0111,2.5944,0.2541,0.5546,0.485,0.8344,0.8644,0.8517,45.7,45.7,10.45,8.59,11.99,45.27,1,0
2024-06-22 19:00,2.868,0.0,0.0024,2.138,0.1776,0.5901,0.5222,0.8829,0.9141,0.8743,44.24,44.24,7.5,4.75,11.69,36.74,1,0
2024-06-22 20:00,2.427,0.0,0.0067,1.8012,0.1351,0.6151,0.5505,0.9188,0.9391,0.89,42.88,42.88,5.04,3.18,11.46,30.78,1,0
2024-06-22 21:00,2.046,0.0,0.0123,1.564,0.1077,0.648,0.5887,0.9391,0.9598,0.9,40.47,40.47,3.78,1.53,11.43,26.53,1,0
2024-06-22 22:00,1.711,0.0,0.0051,1.4046,0.0861,0.6909,0.6394,0.957,0.9665,0.9074,36.82,36.82,2.47,1.54,11.37,23.3,1,0
2024-06-22 23:00,1.531,0.0,0.0087,1.3551,0.0738,0.7324,0.6891,0.9593,0.9689,0.911,32.84,32.84,2.47,1.55,11.21,21.95,1,0
2024-06-23 00:00,1.422,0.0,0.0002,1.3166,0.0665,0.7568,0.7185,0.9621,0.9711,0.9126,30.42,30.42,2.34,1.48,11.22,21.02,1,0
2024-06-23 01:00,1.207,0.0,0.0001,1.2261,0.0499,0.8263,0.8021,0.9646,0.9744,0.9155,22.99,22.99,2.46,1.49,11.29,18.91,1,0
2024-06-23 02:00,1.24,0.0,0.0,1.2418,0.0526,0.8134,0.7867,0.9644,0.974,0.9154,24.42,24.42,2.42,1.47,11.24,19.26,1,0
2024-06-23 03:00,1.23,0.0,0.0043,1.2323,0.0516,0.817,0.791,0.9649,0.9739,0.9155,24.04,24.04,2.39,1.53,11.27,19.09,1,0
2024-06-23 04:00,1.551,0.0,0.0,1.4571,0.0754,0.757,0.719,0.9454,0.9657,0.9068,30.04,30.04,3.72,1.5,11.29,23.26,1,0
2024-06-23 05:00,2.145,0.0,0.0,1.9844,0.1314,0.7128,0.667,0.8896,0.9335,0.8828,33.2,33.2,7.65,3.2,11.66,32.42,1,0
2024-06-23 06:00,2.994,0.0,0.0029,2.5232,0.2241,0.6235,0.5618,0.8348,0.8842,0.8576,42.92,40.29,10.88,6.7,11.84,42.92,1,0
2024-06-23 07:00,3.423,0.152,0.0051,2.6954,0.2772,0.609,0.5461,0.8123,0.8335,0.8437,47.27,40.9,11.92,11.4,12.09,47.27,1,0
2024-06-23 08:00,3.653,0.28,0.0044,2.7979,0.3164,0.6284,0.57,0.7922,0.7926,0.8368,50.03,38.61,13.04,14.99,11.89,50.03,1,0
2024-06-23 09:00,3.453,0.179,0.0063,2.8572,0.3057,0.6582,0.6052,0.801,0.7872,0.8353,49.73,35.81,12.31,15.69,12.24,49.73,1,0
2024-06-23 10:00,3.285,0.477,0.0258,2.5351,0.2817,0.7054,0.6626,0.8017,0.7902,0.8415,45.9,31.54,12.74,15.93,12.1,45.9,1,0
2024-06-23 11:00,3.375,0.524,0.001,2.5508,0.293,0.6957,0.6511,0.8004,0.781,0.8394,46.61,32.42,12.68,16.69,12.12,46.61,1,0
2024-06-23 12:00,3.398,0.564,0.0312,2.4843,0.289,0.6881,0.6421,0.7987,0.789,0.84,46.01,33.27,12.96,15.98,12.21,46.01,1,0
2024-06-23 13:00,3.381,0.485,0.0068,2.5859,0.2941,0.6945,0.6496,0.7954,0.7875,0.8393,46.99,32.49,13.11,15.95,12.06,46.99,1,0
2024-06-23 14:00,3.425,0.461,0.017,2.574,0.2916,0.6677,0.6172,0.8014,0.7934,0.8389,46.89,35.22,12.64,15.44,12.27,46.89,1,0
2024-06-23 15:00,3.558,0.374,0.006,2.6559,0.3,0.6316,0.5739,0.8003,0.8008,0.8381,48.11,38.58,12.62,14.51,12.2,48.11,1,0
2024-06-23 16:00,3.699,0.289,0.002,2.7194,0.3065,0.5997,0.5361,0.7985,0.8105,0.8376,49.06,41.42,12.71,13.36,12.15,49.06,1,0
2024-06-23 17:00,3.516,0.15,0.0022,2.6852,0.2793,0.5904,0.5243,0.8162,0.8326,0.844,47.32,42.59,11.56,11.53,12.09,47.32,1,0
2024-06-23 18:00,3.46,0.0,0.0113,2.6025,0.2524,0.5662,0.4964,0.8314,0.8672,0.8528,45.22,44.97,10.75,8.24,11.85,45.22,1,0
2024-06-23 19:00,3.041,0.0,0.0009,2.1747,0.188,0.5712,0.5014,0.8767,0.9134,0.8714,45.62,45.62,7.93,4.55,11.79,37.75,1,0
2024-06-23 20:00,2.381,0.0,0.0055,1.7905,0.1324,0.6212,0.5576,0.9197,0.9399,0.8914,42.36,42.36,5.0,3.14,11.36,30.5,1,0
2024-06-23 21:00,2.09,0.0,0.0031,1.5819,0.1107,0.6406,0.58,0.9384,0.9585,0.8991,41.12,41.12,3.77,1.61,11.44,26.9,1,0
2024-06-23 22:00,1.754,0.0,0.0,1.4082,0.089,0.6794,0.6257,0.9573,0.9666,0.9073,37.92,37.92,2.39,1.48,11.34,23.51,1,0
2024-06-23 23:00,1.596,0.0,0.0,1.3718,0.0788,0.7136,0.6665,0.9596,0.9682,0.9099,34.69,34.69,2.34,1.54,11.25,22.44,1,0
2024-06-24 00:00,1.466,0.0,0.0,1.355,0.0695,0.7533,0.7144,0.9586,0.9692,0.9104,30.69,30.69,2.6,1.55,11.33,21.66,1,0
2024-06-24 01:00,1.237,0.0,0.0007,1.2498,0.0519,0.8211,0.796,0.9627,0.9729,0.915,23.53,23.53,2.58,1.58,11.24,19.32,1,0
2024-06-24 02:00,1.275,0.0,0.0005,1.2664,0.0549,0.8063,0.7782,0.9627,0.9724,0.9149,25.17,25.17,2.51,1.58,11.19,19.71,1,0
2024-06-24 03:00,1.311,0.0,0.0,1.2861,0.0577,0.7958,0.7655,0.9618,0.9717,0.9141,26.29,26.29,2.53,1.58,11.2,20.12,1,0
2024-06-24 04:00,1.588,0.0,0.0,1.4812,0.0785,0.7508,0.7116,0.9444,0.9645,0.903,30.62,30.62,3.73,1.54,11.67,23.71,1,0
2024-06-24 05:00,2.204,0.0,0.003,2.0151,0.1368,0.7038,0.6562,0.8861,0.9317,0.8812,34.01,34.01,7.88,3.26,11.68,33.07,1,0
2024-06-24 06:00,3.082,0.0,0.0,2.6036,0.2377,0.6238,0.5625,0.8245,0.8779,0.8532,44.36,40.03,11.55,7.06,11.96,44.36,1,0
2024-06-24 07:00,3.611,0.143,0.0,2.7863,0.2975,0.5948,0.5299,0.8044,0.8222,0.8389,49.08,41.91,12.29,12.22,12.19,49.08,1,0
2024-06-24 08:00,3.571,0.294,0.0005,2.7754,0.3105,0.641,0.5851,0.7962,0.7908,0.8357,49.48,37.46,12.75,15.28,12.15,49.48,1,0
2024-06-24 09:00,3.607,0.386,0.0,2.7329,0.316,0.6509,0.5973,0.7918,0.7828,0.8349,49.41,36.49,13.07,16.03,12.13,49.41,1,0
2024-06-24 10:00,3.563,0.509,0.0034,2.6415,0.3141,0.6779,0.63,0.7858,0.7805,0.8354,48.54,33.91,13.68,16.3,12.1,48.54,1,0
2024-06-24 11:00,3.486,0.565,0.0109,2.54,0.3011,0.6802,0.6327,0.7939,0.784,0.8376,47.09,33.91,13.19,16.25,12.21,47.09,1,0
2024-06-24 12:00,3.477,0.606,0.0015,2.5107,0.3007,0.6841,0.6375,0.7943,0.7822,0.8381,46.82,33.54,13.17,16.46,12.16,46.82,1,0
2024-06-24 13:00,3.444,0.543,0.0251,2.5296,0.2958,0.6849,0.6383,0.7961,0.7839,0.8406,46.72,33.49,13.07,16.36,11.93,46.72,1,0
2024-06-24 14:00,3.671,0.484,0.0161,2.6292,0.3147,0.64,0.5847,0.7965,0.7776,0.836,48.61,37.61,12.75,16.71,12.15,48.61,1,0
2024-06-24 15:00,3.743,0.438,0.0022,2.6825,0.3199,0.6231,0.5643,0.7881,0.7923,0.8358,49.42,39.15,13.44,15.03,12.02,49.42,1,0
2024-06-24 16:00,3.83,0.075,0.0168,2.9764,0.3305,0.5937,0.5289,0.7868,0.802,0.8339,52.24,41.54,13.31,13.69,11.93,52.24,1,0
2024-06-24 17:00,3.679,0.139,0.0015,2.7627,0.2963,0.5796,0.5121,0.8083,0.8246,0.8401,48.86,43.31,12.0,12.05,12.14,48.86,1,0
2024-06-24 18:00,3.708,0.0,0.0,2.7313,0.2788,0.5537,0.484,0.8157,0.8563,0.8442,47.77,45.44,11.7,8.85,12.18,47.77,1,0
2024-06-24 19:00,3.161,0.0,0.0001,2.2784,0.2031,0.5669,0.497,0.864,0.9068,0.8649,45.67,45.67,8.8,4.85,12.05,39.61,1,0
2024-06-24 20:00,2.442,0.0,0.0,1.8214,0.137,0.6144,0.5497,0.9172,0.9382,0.889,42.9,42.9,5.15,3.2,11.51,31.09,1,0
2024-06-24 21:00,2.031,0.0,0.002,1.5826,0.1075,0.6526,0.5941,0.9375,0.9589,0.9005,40.02,40.02,3.92,1.59,11.28,26.72,1,0
2024-06-24 22:00,1.769,0.0,0.0,1.4262,0.09,0.6798,0.6262,0.9553,0.9655,0.907,37.84,37.84,2.55,1.56,11.29,23.79,1,0
2024-06-24 23:00,1.601,0.0,0.0022,1.387,0.0788,0.7171,0.6707,0.957,0.9674,0.9106,34.31,34.31,2.59,1.57,11.08,22.64,1,0
2024-06-25 00:00,1.474,0.0,0.0009,1.3513,0.0701,0.7492,0.7094,0.9594,0.9691,0.9105,31.13,31.13,2.51,1.57,11.33,21.66,1,0
2024-06-25 01:00,1.306,0.0,0.0,1.2858,0.0573,0.7985,0.7687,0.9615,0.9717,0.9143,26.0,26.0,2.58,1.58,11.17,20.09,1,0
2024-06-25 02:00,1.258,0.0,0.0001,1.2577,0.0536,0.8116,0.7846,0.963,0.9724,0.9159,24.59,24.59,2.52,1.62,11.1,19.52,1,0
2024-06-25 03:00,1.265,0.0,0.0002,1.2579,0.0543,0.8073,0.7794,0.9634,0.973,0.915,25.07,25.07,2.46,1.53,11.22,19.57,1,0
2024-06-25 04:00,1.599,0.0,0.0002,1.488,0.079,0.7492,0.7096,0.943,0.9639,0.9052,30.78,30.78,3.86,1.6,11.33,23.84,1,0
2024-06-25 05:00,2.223,0.0,0.0,2.0545,0.1408,0.7073,0.6605,0.8812,0.9297,0.8785,33.69,33.56,8.23,3.33,11.83,33.69,1,0
2024-06-25 06:00,3.08,0.0,0.0008,2.577,0.2344,0.6185,0.5561,0.8284,0.8803,0.8536,43.96,40.59,11.28,6.88,12.04,43.96,1,0
2024-06-25 07:00,3.522,0.165,0.0003,2.7375,0.2887,0.604,0.5404,0.8093,0.8205,0.8444,48.21,41.21,11.99,12.62,11.7,48.21,1,0
2024-06-25 08:00,3.712,0.306,0.0036,2.7738,0.3181,0.6172,0.5569,0.7935,0.7921,0.8367,49.98,39.66,12.92,15.06,11.92,49.98,1,0
2024-06-25 09:00,3.716,0.393,0.0134,2.7546,0.326,0.6421,0.587,0.7875,0.7775,0.8335,50.13,37.23,13.33,16.41,12.1,50.13,1,0
2024-06-25 10:00,3.454,0.493,0.0189,2.6121,0.3033,0.6958,0.6515,0.7932,0.7771,0.836,47.63,32.24,13.16,16.86,12.27,47.63,1,0
2024-06-25 11:00,3.433,0.568,0.0072,2.5251,0.2969,0.6892,0.6435,0.7979,0.7802,0.8388,46.67,33.05,12.88,16.72,12.14,46.67,1,0
2024-06-25 12:00,3.439,0.614,0.0147,2.4794,0.2957,0.6906,0.6453,0.798,0.78,0.8387,46.27,32.96,12.91,16.81,12.23,46.27,1,0
2024-06-25 13:00,3.534,0.6,0.0069,2.5504,0.3094,0.6881,0.6425,0.787,0.7785,0.8371,47.58,33.01,13.68,16.65,12.04,47.58,1,0
2024-06-25 14:00,3.506,0.514,0.0367,2.5669,0.3014,0.6755,0.6269,0.794,0.7836,0.8381,47.35,34.35,13.17,16.3,12.13,47.35,1,0
2024-06-25 15:00,3.802,0.4,0.0026,2.7117,0.3227,0.6098,0.5486,0.7893,0.7927,0.8355,49.83,40.34,13.28,14.95,12.01,49.83,1,0
2024-06-25 16:00,3.762,0.294,0.0008,2.7868,0.3205,0.6079,0.546,0.7889,0.8017,0.8342,50.28,40.48,13.32,13.97,12.18,50.28,1,0
2024-06-25 17:00,3.656,0.158,0.0196,2.7502,0.2962,0.5881,0.522,0.8044,0.8247,0.8399,48.78,42.57,12.36,12.03,12.14,48.78,1,0
2024-06-25 18:00,3.509,0.0,0.0093,2.6165,0.2557,0.5616,0.4916,0.8321,0.8646,0.8493,45.51,45.25,10.62,8.49,12.23,45.51,1,0
2024-06-25 19:00,2.871,0.0,0.0109,2.1698,0.1808,0.5947,0.5275,0.8783,0.9122,0.872,43.76,43.76,7.86,4.84,11.83,37.24,1,0
2024-06-25 20:00,2.584,0.0,0.0009,1.8452,0.1446,0.5954,0.5277,0.9153,0.9358,0.8867,44.49,44.49,5.2,3.34,11.62,31.81,1,0
2024-06-25 21:00,2.04,0.0,0.0003,1.5884,0.1082,0.6514,0.5927,0.9367,0.9589,0.9005,40.11,40.11,3.98,1.55,11.25,26.83,1,0
2024-06-25 22:00,1.874,0.0,0.0003,1.5338,0.0977,0.678,0.6242,0.9434,0.961,0.9014,37.76,37.76,3.5,1.64,11.49,25.52,1,0
2024-06-25 23:00,1.627,0.0,0.0,1.4056,0.0809,0.7136,0.6665,0.9564,0.9665,0.9074,34.61,34.61,2.58,1.61,11.42,22.97,1,0
2024-06-26 00:00,1.381,0.0,0.0002,1.3125,0.0632,0.7729,0.738,0.9614,0.9708,0.9127,28.72,28.72,2.46,1.55,11.25,20.77,1,0
2024-06-26 01:00,1.232,0.0,0.0037,1.2305,0.0517,0.8142,0.7877,0.9652,0.9738,0.9169,24.36,24.36,2.36,1.56,11.09,19.08,1,0
2024-06-26 02:00,1.241,0.0,0.0001,1.2418,0.0527,0.8128,0.786,0.965,0.9736,0.9145,24.5,24.5,2.34,1.53,11.36,19.26,1,0
2024-06-26 03:00,1.243,0.0,0.0,1.2432,0.0526,0.8125,0.7856,0.9641,0.9735,0.9167,24.53,24.53,2.44,1.54,11.06,19.29,1,0
2024-06-26 04:00,1.585,0.0,0.0056,1.4692,0.0776,0.75,0.7105,0.9444,0.9648,0.9061,30.74,30.74,3.77,1.56,11.3,23.55,1,0
2024-06-26 05:00,2.159,0.0,0.0,1.9873,0.1324,0.7092,0.6627,0.889,0.9333,0.8837,33.54,33.54,7.7,3.2,11.51,32.52,1,0
2024-06-26 06:00,3.011,0.0,0.0042,2.5623,0.2294,0.6289,0.5683,0.8296,0.8806,0.8558,43.54,39.69,11.24,6.96,11.87,43.54,1,0
2024-06-26 07:00,3.484,0.122,0.0037,2.7677,0.2872,0.607,0.5438,0.8101,0.8245,0.8402,48.32,40.93,11.91,12.17,12.26,48.32,1,0
2024-06-26 08:00,3.59,0.246,0.0016,2.8229,0.3133,0.637,0.5801,0.7925,0.796,0.8346,50.02,37.8,13.03,14.65,12.19,50.02,1,0
2024-06-26 09:00,3.53,0.328,0.0196,2.7433,0.3083,0.6586,0.6062,0.7943,0.7859,0.8372,49.07,35.81,12.95,15.83,11.99,49.07,1,0
2024-06-26 10:00,3.373,0.406,0.0048,2.6494,0.2947,0.6882,0.6417,0.801,0.7836,0.8379,47.47,33.09,12.54,16.33,12.22,47.47,1,0
2024-06-26 11:00,3.298,0.491,0.0239,2.5095,0.2796,0.6923,0.6466,0.8052,0.7937,0.8412,45.64,32.94,12.47,15.65,12.25,45.64,1,0
2024-06-26 12:00,3.397,0.471,0.0079,2.6106,0.2973,0.696,0.6514,0.7952,0.7832,0.8383,47.32,32.28,13.06,16.33,12.1,47.32,1,0
2024-06-26 13:00,3.397,0.441,0.0172,2.6149,0.2946,0.6865,0.6399,0.7966,0.7888,0.8384,47.27,33.27,12.98,15.81,12.17,47.27,1,0
2024-06-26 14:00,3.656,0.427,0.0248,2.6749,0.3145,0.6418,0.5867,0.792,0.7856,0.8346,48.98,37.4,13.14,15.83,12.28,48.98,1,0
2024-06-26 15:00,3.566,0.344,0.0333,2.689,0.3033,0.6403,0.5843,0.7953,0.798,0.8377,48.53,37.67,13.01,14.71,12.13,48.53,1,0
2024-06-26 16:00,3.731,0.226,0.0064,2.7787,0.3105,0.595,0.5306,0.7961,0.8121,0.8366,49.74,41.75,12.85,13.08,12.17,49.74,1,0
2024-06-26 17:00,3.622,0.114,0.009,2.7472,0.2894,0.5811,0.5137,0.8127,0.8279,0.8415,48.35,43.26,11.71,11.85,12.15,48.35,1,0
2024-06-26 18:00,3.633,0.0,0.0049,2.6589,0.2657,0.5533,0.4837,0.8256,0.8609,0.8478,46.45,45.62,11.04,8.67,12.14,46.45,1,0
2024-06-26 19:00,2.854,0.0,0.0035,2.1569,0.179,0.5946,0.5273,0.8793,0.9141,0.874,43.81,43.81,7.81,4.66,11.63,37.01,1,0
2024-06-26 20:00,2.51,0.0,0.0,1.8333,0.1409,0.605,0.5388,0.9155,0.9386,0.887,43.7,43.7,5.26,3.03,11.67,31.46,1,0
2024-06-26 21:00,1.928,0.0,0.0011,1.5555,0.1015,0.6698,0.6145,0.9408,0.9608,0.8993,38.47,38.47,3.69,1.51,11.63,26.0,1,0
2024-06-26 22:00,1.807,0.0,0.0028,1.43,0.0922,0.672,0.6169,0.9554,0.9649,0.906,38.57,38.57,2.5,1.59,11.38,23.97,1,0
2024-06-26 23:00,1.629,0.0,0.0,1.4022,0.0811,0.712,0.6646,0.9568,0.9669,0.907,34.78,34.78,2.54,1.56,11.48,22.94,1,0
2024-06-27 00:00,1.444,0.0,0.0006,1.3343,0.0679,0.7547,0.716,0.9607,0.9697,0.9119,30.6,30.6,2.43,1.59,11.23,21.32,1,0
2024-06-27 01:00,1.265,0.0,0.0,1.2586,0.0543,0.8076,0.7798,0.9635,0.9728,0.915,25.04,25.04,2.45,1.56,11.22,19.57,1,0
2024-06-27 02:00,1.272,0.0,0.0009,1.2628,0.0547,0.8063,0.7782,0.9625,0.9728,0.9158,25.17,25.17,2.55,1.53,11.07,19.66,1,0
2024-06-27 03:00,1.256,0.0,0.0,1.2497,0.0537,0.8081,0.7803,0.9642,0.9731,0.9162,25.01,25.01,2.41,1.56,11.09,19.43,1,0
2024-06-27 04:00,1.552,0.0,0.0,1.4672,0.0756,0.7603,0.7231,0.9447,0.9651,0.9046,29.66,29.66,3.76,1.54,11.54,23.38,1,0
2024-06-27 05:00,2.238,0.0,0.0,2.0352,0.1402,0.6981,0.6495,0.8842,0.9305,0.8805,34.52,34.52,7.99,3.3,11.66,33.48,1,0
2024-06-27 06:00,2.937,0.0,0.001,2.5411,0.2236,0.6387,0.5799,0.831,0.8843,0.8565,43.02,38.84,11.21,6.62,11.91,43.02,1,0
2024-06-27 07:00,3.533,0.085,0.0062,2.7792,0.2876,0.5941,0.5286,0.812,0.8274,0.8413,48.46,42.09,11.76,11.88,12.15,48.46,1,0
2024-06-27 08:00,3.65,0.162,0.0005,2.8849,0.3166,0.6178,0.557,0.7967,0.7958,0.8345,50.69,39.56,12.6,14.63,12.16,50.69,1,0
2024-06-27 09:00,3.52,0.244,0.0045,2.8483,0.3143,0.6634,0.6117,0.7923,0.7846,0.8329,50.11,35.22,12.97,15.78,12.31,50.11,1,0
2024-06-27 10:00,3.443,0.317,0.0184,2.7539,0.3051,0.6826,0.635,0.7958,0.7793,0.8371,48.84,33.46,12.82,16.54,12.02,48.84,1,0
2024-06-27 11:00,3.369,0.352,0.005,2.7199,0.2993,0.6979,0.6534,0.7966,0.7833,0.8341,48.19,31.99,12.83,16.21,12.52,48.19,1,0
2024-06-27 12:00,3.414,0.336,0.0116,2.7525,0.3055,0.698,0.6536,0.7922,0.7785,0.8363,48.78,31.89,13.12,16.57,12.07,48.78,1,0
2024-06-27 13:00,3.283,0.307,0.0016,2.7213,0.2908,0.704,0.6606,0.799,0.7877,0.8402,47.76,31.45,12.73,15.89,11.9,47.76,1,0
2024-06-27 14:00,3.416,0.294,0.015,2.7259,0.2963,0.6641,0.6124,0.8029,0.7905,0.8379,48.25,35.42,12.35,15.59,12.2,48.25,1,0
2024-06-27 15:00,3.68,0.248,0.0018,2.8364,0.3198,0.6239,0.5646,0.7906,0.7948,0.834,50.51,38.98,13.12,14.68,12.15,50.51,1,0
2024-06-27 16:00,3.763,0.191,0.0057,2.8356,0.317,0.5951,0.5307,0.7932,0.8083,0.8353,50.49,41.64,12.98,13.33,12.14,50.49,1,0
2024-06-27 17:00,3.558,0.092,0.0,2.743,0.2837,0.5834,0.5161,0.8172,0.83,0.843,47.98,43.13,11.37,11.73,12.1,47.98,1,0
2024-06-27 18:00,3.525,0.0,0.0008,2.6767,0.2645,0.5661,0.4962,0.8254,0.86,0.8469,46.47,44.81,11.05,8.77,12.23,46.47,1,0
2024-06-27 19:00,2.985,0.0,0.0,2.2207,0.1902,0.5829,0.5141,0.8725,0.9088,0.8708,44.63,44.63,8.22,4.99,11.68,38.28,1,0
2024-06-27 20:00,2.404,0.0,0.0,1.8064,0.1345,0.6187,0.5546,0.9188,0.9396,0.889,42.56,42.56,5.04,3.11,11.59,30.78,1,0
2024-06-27 21:00,2.038,0.0,0.0,1.5608,0.1073,0.6467,0.5871,0.9403,0.9597,0.9018,40.61,40.61,3.67,1.57,11.21,26.46,1,0
2024-06-27 22:00,1.695,0.0,0.0,1.4075,0.0854,0.6945,0.6437,0.957,0.9667,0.9067,36.47,36.47,2.46,1.52,11.46,23.27,1,0
2024-06-27 23:00,1.627,0.0,0.0,1.3802,0.0809,0.7066,0.6581,0.9592,0.9679,0.9087,35.36,35.36,2.34,1.52,11.35,22.67,1,0
2024-06-28 00:00,1.421,0.0,0.0,1.3383,0.0661,0.7656,0.7292,0.9594,0.9697,0.9112,29.43,29.43,2.59,1.57,11.32,21.26,1,0
2024-06-28 01:00,1.26,0.0,0.0024,1.252,0.0539,0.8084,0.7806,0.9637,0.9732,0.9154,24.97,24.97,2.45,1.53,11.19,19.47,1,0
2024-06-28 02:00,1.276,0.0,0.0,1.271,0.0549,0.8081,0.7803,0.9622,0.9719,0.9149,24.96,24.96,2.56,1.64,11.16,19.76,1,0
2024-06-28 03:00,1.239,0.0,0.0009,1.2457,0.0523,0.8171,0.7912,0.9638,0.9734,0.9148,24.0,24.0,2.47,1.55,11.3,19.29,1,0
2024-06-28 04:00,1.544,0.0,0.0045,1.4653,0.0747,0.765,0.7287,0.944,0.9648,0.9053,29.17,29.17,3.85,1.59,11.44,23.31,1,0
2024-06-28 05:00,2.225,0.0,0.0,2.0372,0.1397,0.7023,0.6545,0.8834,0.9308,0.8802,34.1,34.1,8.07,3.27,11.7,33.46,1,0
2024-06-28 06:00,2.968,0.0,0.0048,2.5328,0.2243,0.6314,0.5712,0.8322,0.8851,0.856,43.0,39.54,11.11,6.53,12.01,43.0,1,0
2024-06-28 07:00,3.637,0.121,0.0,2.7813,0.2954,0.5848,0.518,0.8097,0.8231,0.839,48.92,42.85,11.86,12.22,12.27,48.92,1,0
2024-06-28 08:00,3.752,0.245,0.0046,2.8554,0.326,0.6159,0.5553,0.7909,0.7887,0.833,50.98,39.65,13.0,15.22,12.16,50.98,1,0
2024-06-28 09:00,3.555,0.338,0.0117,2.7551,0.3124,0.6586,0.6063,0.7948,0.7796,0.8367,49.34,35.77,12.84,16.41,11.95,49.34,1,0
2024-06-28 10:00,3.411,0.444,0.0039,2.6272,0.2972,0.684,0.6369,0.7969,0.786,0.839,47.49,33.49,12.91,16.04,12.02,47.49,1,0
2024-06-28 11:00,3.376,0.47,0.02,2.5656,0.2893,0.6841,0.6369,0.7993,0.7921,0.8401,46.64,33.61,12.85,15.6,12.12,46.64,1,0
2024-06-28 12:00,3.42,0.513,0.0058,2.576,0.2974,0.6904,0.6448,0.7932,0.7878,0.8381,47.12,32.88,13.27,15.87,12.16,47.12,1,0
2024-06-28 13:00,3.366,0.511,0.0022,2.5569,0.2915,0.6939,0.6489,0.7977,0.7894,0.8378,46.62,32.6,12.95,15.82,12.34,46.62,1,0
2024-06-28 14:00,3.784,0.406,0.0323,2.7479,0.3305,0.6364,0.5803,0.7864,0.7732,0.8326,50.35,37.74,13.39,16.8,12.14,50.35,1,0
2024-06-28 15:00,3.743,0.349,0.0148,2.7179,0.3156,0.6106,0.5493,0.795,0.7945,0.8362,49.48,40.33,12.87,14.9,12.09,49.48,1,0
2024-06-28 16:00,3.755,0.25,0.0145,2.7825,0.3151,0.6002,0.5368,0.7913,0.8093,0.8353,50.02,41.23,13.21,13.27,12.2,50.02,1,0
2024-06-28 17:00,3.642,0.131,0.0004,2.7879,0.2978,0.5882,0.522,0.8046,0.8253,0.8388,49.13,42.52,12.29,11.9,12.22,49.13,1,0
2024-06-28 18:00,3.804,0.0,0.0034,2.6906,0.2753,0.5421,0.4758,0.8191,0.8551,0.8476,47.35,45.76,11.45,9.1,11.86,47.35,1,0
2024-06-28 19:00,2.937,0.0,0.0099,2.2257,0.1891,0.5915,0.5239,0.87,0.9094,0.8707,43.89,43.89,8.48,4.89,11.68,38.28,1,0
2024-06-28 20:00,3.079,0.0,0.0,1.8037,0.1532,0.5416,0.4833,0.9126,0.9349,0.8844,46.58,46.58,5.33,3.25,11.74,32.39,1,0
2024-06-28 21:00,2.059,0.0,0.0,1.5914,0.1095,0.6479,0.5886,0.9374,0.9585,0.8985,40.43,40.43,3.88,1.59,11.5,26.92,1,0
2024-06-28 22:00,1.725,0.0,0.0002,1.4168,0.0873,0.6888,0.637,0.9564,0.966,0.9065,37.0,37.0,2.49,1.56,11.43,23.5,1,0
2024-06-28 23:00,1.635,0.0,0.0009,1.4018,0.0813,0.7104,0.6627,0.957,0.9662,0.9082,34.94,34.94,2.52,1.67,11.33,22.95,1,0
2024-06-29 00:00,1.455,0.0,0.0135,1.3318,0.0681,0.7544,0.7157,0.96,0.9698,0.9114,30.62,30.62,2.52,1.57,11.29,21.32,1,0
2024-06-29 01:00,1.263,0.0,0.0029,1.262,0.0537,0.8128,0.786,0.9624,0.9721,0.915,24.45,24.45,2.57,1.64,11.19,19.59,1,0
2024-06-29 02:00,1.268,0.0,0.0011,1.2627,0.0544,0.8088,0.7812,0.9627,0.9727,0.9148,24.9,24.9,2.53,1.55,11.22,19.63,1,0
2024-06-29 03:00,1.224,0.0,0.0044,1.2331,0.051,0.8217,0.7967,0.9646,0.9737,0.9148,23.5,23.5,2.43,1.56,11.36,19.06,1,0
2024-06-29 04:00,1.571,0.0,0.0002,1.4801,0.0769,0.7575,0.7196,0.9432,0.9641,0.9056,29.93,29.93,3.88,1.61,11.33,23.62,1,0
2024-06-29 05:00,2.295,0.0,0.0102,2.0638,0.1455,0.6917,0.6419,0.8792,0.9289,0.8796,35.06,35.06,8.37,3.33,11.59,34.11,1,0
2024-06-29 06:00,2.953,0.0,0.0008,2.5471,0.2247,0.6354,0.5759,0.8332,0.881,0.8556,43.12,39.15,10.98,7.02,12.01,43.12,1,0
2024-06-29 07:00,3.554,0.089,0.0116,2.7931,0.2911,0.5959,0.5308,0.8088,0.8256,0.8404,48.77,41.88,11.99,11.99,12.16,48.77,1,0
2024-06-29 08:00,3.756,0.16,0.0097,2.9113,0.3259,0.6088,0.5467,0.7903,0.7942,0.8346,51.44,40.26,13.05,14.63,11.94,51.44,1,0
2024-06-29 09:00,3.62,0.26,0.0042,2.8603,0.3229,0.6505,0.5964,0.7895,0.7805,0.833,50.7,36.38,13.11,16.07,12.13,50.7,1,0
2024-06-29 10:00,3.494,0.308,0.019,2.7795,0.3105,0.6761,0.6272,0.7919,0.7801,0.8366,49.36,34.03,13.1,16.35,11.95,49.36,1,0
2024-06-29 11:00,3.427,0.308,0.028,2.7565,0.304,0.6888,0.6425,0.7935,0.7816,0.8367,48.8,32.83,13.05,16.29,12.08,48.8,1,0
2024-06-29 12:00,3.401,0.34,0.0291,2.7177,0.3005,0.6949,0.6498,0.794,0.7814,0.8388,48.31,32.28,13.07,16.4,11.9,48.31,1,0
2024-06-29 13:00,3.513,0.275,0.0675,2.7898,0.3112,0.6825,0.6349,0.7903,0.7765,0.8349,49.48,33.37,13.24,16.7,12.16,49.48,1,0
2024-06-29 14:00,3.696,0.267,0.011,2.8789,0.3305,0.6452,0.5903,0.786,0.7772,0.8309,51.25,36.8,13.33,16.28,12.24,51.25,1,0
2024-06-29 15:00,3.708,0.238,0.0126,2.8434,0.3218,0.6215,0.5618,0.7906,0.7907,0.8359,50.68,39.17,13.1,15.08,11.87,50.68,1,0
2024-06-29 16:00,3.89,0.149,0.0166,2.9124,0.3305,0.5865,0.5206,0.7887,0.8002,0.8329,51.78,42.25,13.18,13.94,12.13,51.78,1,0
2024-06-29 17:00,3.808,0.091,0.0424,2.8283,0.3081,0.5737,0.5055,0.7998,0.8202,0.838,50.05,43.64,12.59,12.28,12.11,50.05,1,0
2024-06-29 18:00,3.709,0.0,0.0267,2.6619,0.2692,0.5489,0.4801,0.8229,0.8575,0.848,46.73,45.76,11.24,9.01,12.02,46.73,1,0
2024-06-29 19:00,2.915,0.0,0.0098,2.2208,0.1873,0.5942,0.527,0.8728,0.9073,0.8706,43.68,43.68,8.22,5.23,11.73,38.1,1,0
2024-06-29 20:00,2.565,0.0,0.0086,1.8653,0.145,0.602,0.5353,0.9122,0.9354,0.8848,43.88,43.88,5.48,3.31,11.79,32.05,1,0
2024-06-29 21:00,2.131,0.0,0.0018,1.5876,0.1129,0.6335,0.5717,0.9379,0.9581,0.8992,41.74,41.74,3.8,1.61,11.38,27.11,1,0
2024-06-29 22:00,1.802,0.0,0.0154,1.4206,0.0913,0.6742,0.6195,0.9552,0.9653,0.9063,38.38,38.38,2.56,1.58,11.38,23.83,1,0
2024-06-29 23:00,1.708,0.0,0.0037,1.494,0.0865,0.7146,0.668,0.9452,0.963,0.9045,34.29,34.29,3.53,1.63,11.34,24.37,1,0
2024-06-30 00:00,1.527,0.0,0.0003,1.3762,0.0737,0.7378,0.6957,0.9569,0.9681,0.9111,32.24,32.24,2.69,1.57,11.1,22.19,1,0
2024-06-30 01:00,1.346,0.0,0.0111,1.3027,0.0597,0.791,0.7598,0.9602,0.9706,0.9122,26.77,26.77,2.65,1.64,11.36,20.45,1,0
2024-06-30 02:00,1.33,0.0,0.0001,1.3041,0.059,0.7946,0.7641,0.9602,0.9706,0.9131,26.38,26.38,2.65,1.64,11.24,20.41,1,0
2024-06-30 03:00,1.287,0.0,0.0,1.2789,0.0558,0.8058,0.7776,0.962,0.9716,0.9135,25.2,25.2,2.55,1.64,11.32,19.91,1,0
2024-06-30 04:00,1.645,0.0,0.0028,1.5172,0.0823,0.7428,0.702,0.9399,0.9621,0.9045,31.37,31.37,4.08,1.69,11.26,24.39,1,0
2024-06-30 05:00,2.295,0.0,0.0003,2.0665,0.1459,0.6897,0.6395,0.8796,0.9294,0.8798,35.25,35.25,8.32,3.25,11.56,34.15,1,0
2024-06-30 06:00,2.947,0.0,0.0002,2.5617,0.2263,0.6402,0.5817,0.8304,0.8811,0.8542,43.32,38.65,11.19,6.94,12.12,43.32,1,0
2024-06-30 07:00,4.151,0.129,0.0102,3.0626,0.3666,0.5847,0.5192,0.7537,0.8067,0.8265,54.9,41.92,15.74,12.42,12.0,54.9,1,0
2024-06-30 08:00,3.708,0.231,0.0006,2.8879,0.3275,0.6292,0.571,0.7864,0.7892,0.8319,51.26,38.36,13.35,15.08,12.2,51.26,1,0
2024-06-30 09:00,3.81,0.312,0.002,2.8738,0.3401,0.6323,0.5752,0.7838,0.771,0.8307,51.74,37.95,13.4,16.78,12.08,51.74,1,0
2024-06-30 10:00,3.577,0.433,0.0308,2.6832,0.3135,0.67,0.6204,0.7905,0.7773,0.8343,48.84,34.68,13.25,16.66,12.27,48.84,1,0
2024-06-30 11:00,3.568,0.478,0.0043,2.6745,0.3164,0.6789,0.6312,0.7881,0.7734,0.8356,48.86,33.77,13.41,16.98,12.02,48.86,1,0
2024-06-30 12:00,3.614,0.457,0.0453,2.6701,0.3168,0.6728,0.624,0.7845,0.777,0.8361,48.96,34.36,13.76,16.63,11.96,48.96,1,0
2024-06-30 13:00,3.58,0.463,0.0069,2.6947,0.3186,0.6793,0.6317,0.7875,0.7716,0.8345,49.11,33.69,13.42,17.12,12.09,49.11,1,0
2024-06-30 14:00,3.754,0.439,0.0045,2.7497,0.3327,0.6469,0.5929,0.7871,0.7663,0.8325,50.37,36.72,13.26,17.45,12.08,50.37,1,0
2024-06-30 15:00,3.882,0.312,0.0122,2.8123,0.3327,0.6025,0.54,0.7846,0.791,0.833,51.12,40.83,13.53,14.9,12.06,51.12,1,0
2024-06-30 16:00,3.811,0.235,0.0115,2.8339,0.324,0.5996,0.5362,0.7878,0.8025,0.8341,50.85,41.16,13.37,13.82,12.12,50.85,1,0
2024-06-30 17:00,3.804,0.139,0.0013,2.8177,0.3096,0.5732,0.505,0.8018,0.8181,0.8365,50.01,43.68,12.36,12.48,12.26,50.01,1,0
2024-06-30 18:00,3.737,0.0,0.0177,2.698,0.2753,0.5493,0.4803,0.8182,0.8562,0.8463,47.36,45.68,11.56,8.98,12.04,47.36,1,0
2024-06-30 19:00,3.141,0.0,0.0061,2.2805,0.2022,0.5701,0.5002,0.8658,0.9031,0.8658,45.46,45.46,8.62,5.37,11.95,39.56,1,0
2024-06-30 20:00,2.522,0.0,0.0002,1.8586,0.1425,0.6066,0.5407,0.9127,0.9353,0.8888,43.5,43.5,5.46,3.38,11.31,31.84,1,0
2024-06-30 21:00,2.283,0.0,0.0011,1.6336,0.122,0.6136,0.5486,0.9334,0.9557,0.8953,43.4,43.4,4.06,1.63,11.6,28.18,1,0
2024-06-30 22:00,1.783,0.0,0.0001,1.4296,0.0909,0.6771,0.623,0.9554,0.9653,0.9059,38.09,38.09,2.52,1.56,11.41,23.88,1,0
2024-06-30 23:00,1.643,0.0,0.0108,1.4039,0.0814,0.7115,0.6641,0.9561,0.9658,0.9076,34.82,34.82,2.61,1.7,11.39,22.99,1,0
2024-07-01 00:00,1.437,0.0,0.0,1.3425,0.0675,0.7604,0.7229,0.9595,0.9699,0.9101,29.97,29.97,2.55,1.51,11.44,21.38,1,0
2024-07-01 01:00,1.224,0.0,0.0,1.2313,0.0513,0.8177,0.7918,0.9646,0.9743,0.9167,23.97,23.97,2.43,1.47,11.12,19.06,1,0
2024-07-01 02:00,1.278,0.0,0.0,1.2639,0.0555,0.8027,0.7738,0.9637,0.9728,0.9139,25.58,25.58,2.4,1.53,11.34,19.7,1,0
2024-07-01 03:00,1.271,0.0,0.0,1.2619,0.0549,0.8058,0.7775,0.9639,0.9727,0.9135,25.24,25.24,2.39,1.56,11.4,19.64,1,0
2024-07-01 04:00,1.592,0.0,0.0,1.4773,0.0784,0.748,0.7082,0.944,0.9645,0.9063,30.93,30.93,3.79,1.56,11.24,23.69,1,0
2024-07-01 05:00,2.185,0.0,0.0005,2.0046,0.1352,0.706,0.6588,0.8865,0.9332,0.8824,33.82,33.82,7.89,3.11,11.58,32.88,1,0
2024-07-01 06:00,2.95,0.0,0.007,2.5169,0.2216,0.6318,0.5716,0.8341,0.8858,0.8572,42.71,39.55,10.98,6.53,11.93,42.71,1,0
2024-07-01 07:00,3.546,0.16,0.0013,2.7328,0.2885,0.5975,0.5329,0.8093,0.826,0.8414,48.18,41.8,12.01,12.01,12.12,48.18,1,0
2024-07-01 08:00,3.686,0.296,0.0007,2.7841,0.317,0.6209,0.5613,0.7927,0.7952,0.8348,49.99,39.31,13.0,14.72,12.16,49.99,1,0
2024-07-01 09:00,3.498,0.464,0.002,2.6091,0.3004,0.6593,0.6072,0.7993,0.7879,0.8383,47.63,35.93,12.68,15.86,12.13,47.63,1,0
2024-07-01 10:00,3.393,0.552,0.0117,2.5229,0.2929,0.6947,0.65,0.7967,0.7853,0.8397,46.45,32.54,13.04,16.25,12.09,46.45,1,0
2024-07-01 11:00,3.299,0.593,0.0111,2.4322,0.2793,0.6999,0.6562,0.8046,0.7893,0.8438,45.01,32.22,12.57,16.15,11.95,45.01,1,0
2024-07-01 12:00,3.394,0.657,0.008,2.4145,0.2882,0.6896,0.644,0.8018,0.7849,0.8409,45.4,33.2,12.71,16.48,12.17,45.4,1,0
2024-07-01 13:00,3.379,0.593,0.0063,2.4887,0.2913,0.6989,0.6552,0.7967,0.7868,0.8384,46.08,32.14,13.08,16.14,12.32,46.08,1,0
2024-07-01 14:00,3.621,0.527,0.0081,2.6019,0.3126,0.6539,0.6012,0.7938,0.7791,0.836,48.25,36.35,13.02,16.57,12.18,48.25,1,0
2024-07-01 15:00,3.623,0.422,0.0228,2.6356,0.306,0.6329,0.5757,0.7958,0.7947,0.8384,48.3,38.4,12.96,15.06,12.04,48.3,1,0
2024-07-01 16:00,3.822,0.283,0.0073,2.7729,0.3199,0.5937,0.5294,0.7891,0.8077,0.8351,50.23,41.77,13.35,13.37,12.13,50.23,1,0
2024-07-01 17:00,3.841,0.171,0.0119,2.7479,0.3039,0.5644,0.4955,0.8045,0.8237,0.8382,49.24,44.48,12.27,12.04,12.26,49.24,1,0
2024-07-01 18:00,3.568,0.0,0.0152,2.6063,0.2566,0.5555,0.4858,0.8304,0.866,0.851,45.62,45.62,10.78,8.32,12.0,45.53,1,0
2024-07-01 19:00,2.901,0.0,0.0,2.1782,0.1829,0.5898,0.5218,0.8767,0.9126,0.8736,44.16,44.16,7.97,4.72,11.55,37.45,1,0
2024-07-01 20:00,2.484,0.0,0.0,1.829,0.1392,0.6086,0.5429,0.9166,0.9371,0.889,43.4,43.4,5.16,3.3,11.45,31.31,1,0
2024-07-01 21:00,2.012,0.0,0.0017,1.5522,0.1059,0.6507,0.5919,0.9413,0.9608,0.9002,40.26,40.26,3.6,1.46,11.48,26.26,1,0
2024-07-01 22:00,1.74,0.0,0.0009,1.4127,0.088,0.6843,0.6315,0.9566,0.9659,0.9079,37.44,37.44,2.47,1.58,11.25,23.51,1,0
2024-07-01 23:00,1.56,0.0,0.007,1.3553,0.076,0.7222,0.6769,0.96,0.9693,0.9104,33.87,33.87,2.37,1.46,11.27,22.09,1,0
