Forecast_Hour,V_650_pu,V_632_pu,V_633_pu,V_645_pu,V_646_pu,V_671HV_pu,V_684HV_pu,V_692HV_pu,V_675_pu,V_680_pu,V_611_pu,V_634_pu,V_671_pu,V_684_pu,V_692_pu
1,0.99435955,0.98893964,0.9875612,0.98937654,0.9890341,0.9865936,0.98630077,0.9854459,0.9855833,0.9873811,0.9856681,0.9781625,0.9747899,0.9830759,0.9605767
2,0.9950074,0.9904133,0.98903215,0.9905677,0.9904675,0.9879379,0.98788494,0.9869379,0.9868862,0.98893255,0.9873353,0.98179877,0.9767925,0.985045,0.9619478
3,0.9954611,0.9913252,0.9901086,0.9913077,0.9913643,0.9888105,0.98898596,0.9877773,0.98769236,0.98998463,0.98843926,0.9840372,0.9780251,0.9864227,0.9628123
4,0.9957047,0.9917187,0.99072,0.99170995,0.9918393,0.989167,0.98955417,0.9881622,0.98809177,0.9904811,0.98896563,0.98521996,0.9785875,0.9872165,0.9632447
5,0.99571246,0.99159575,0.99081576,0.991741,0.99181575,0.9889747,0.9894966,0.98805,0.9880306,0.99037623,0.98887056,0.9854191,0.9784099,0.9873309,0.96319115
6,0.99533015,0.9906636,0.99001884,0.99104744,0.99088967,0.9879045,0.9883556,0.98700744,0.9870752,0.9892828,0.98773474,0.9840025,0.97681785,0.98597443,0.9622171
7,0.9942883,0.9883952,0.9876626,0.98888123,0.98832995,0.9853223,0.98528534,0.9841412,0.9842966,0.9865198,0.9847779,0.97942495,0.97247595,0.9814623,0.9594615
8,0.9925014,0.9847183,0.9834144,0.9851424,0.9843841,0.98081243,0.9799925,0.9795263,0.9795137,0.9818585,0.979886,0.9709495,0.964995,0.9730075,0.9549082
9,0.99061674,0.9810857,0.97914374,0.98150635,0.9808017,0.9760226,0.9745792,0.9749319,0.9752345,0.9766907,0.9749132,0.9638284,0.9567374,0.96347773,0.9505184
10,0.98958117,0.97880495,0.9773432,0.978947,0.9792733,0.9728118,0.97171146,0.972471,0.97370553,0.97358257,0.97166705,0.96149224,0.9515234,0.9551292,0.9476628
11,0.9897423,0.97943795,0.97806203,0.9795764,0.9797754,0.973403,0.9725276,0.9739647,0.97562075,0.9742575,0.97220135,0.9640182,0.9505048,0.9525332,0.9481887
12,0.9900405,0.98027194,0.9792018,0.98053116,0.9804652,0.9744969,0.973786,0.9754022,0.9779157,0.9754294,0.9734053,0.96662885,0.95083207,0.95172876,0.9499607
13,0.9902681,0.98092735,0.9801565,0.9814194,0.9812443,0.9754929,0.97471356,0.9765947,0.9795996,0.97654855,0.97455686,0.9687944,0.9517936,0.95148283,0.9514342
14,0.9904022,0.98134583,0.98073983,0.98198724,0.9817593,0.9761813,0.9752863,0.97733366,0.9806512,0.9772738,0.97531295,0.9701013,0.9524833,0.95144546,0.9523874
15,0.99045163,0.981557,0.98097944,0.98229784,0.98200554,0.97653294,0.9755573,0.9776546,0.98109776,0.9776329,0.97565514,0.9707203,0.95287097,0.9515168,0.9528239
16,0.99045426,0.9815494,0.9810019,0.9823049,0.98187923,0.97647655,0.9755141,0.9774595,0.98088735,0.97768176,0.97541934,0.9711685,0.9528976,0.9517802,0.952767
17,0.9904039,0.9813392,0.9808095,0.9820898,0.9816217,0.97617793,0.97525257,0.977082,0.9803698,0.9775216,0.97499317,0.9709247,0.95265496,0.9520254,0.952464
18,0.9903054,0.9810105,0.9804134,0.9816989,0.9812536,0.97574,0.9748581,0.9764452,0.9794835,0.97717416,0.9744107,0.9700677,0.95232606,0.952229,0.95187134
19,0.99013716,0.98057204,0.97980946,0.98120564,0.9807867,0.97518224,0.9743966,0.9756298,0.97830695,0.97665954,0.97375554,0.96856487,0.9519714,0.9524409,0.95105344
20,0.9899616,0.980126,0.9791091,0.98062867,0.98029065,0.9746722,0.9740154,0.9747347,0.9769898,0.9760339,0.97308016,0.9667298,0.95178735,0.95278835,0.95021296
21,0.9897971,0.9799078,0.9785586,0.9800718,0.9798922,0.9743485,0.9736597,0.9737978,0.9759458,0.97538954,0.9726315,0.96491706,0.9518011,0.9535292,0.94961596
22,0.9896718,0.97982675,0.97803086,0.9795982,0.979636,0.9741002,0.9732982,0.9730172,0.97508866,0.9748922,0.9724307,0.9630378,0.9520683,0.9542544,0.9491823
23,0.98943776,0.979776,0.97744924,0.97964823,0.97963053,0.97417593,0.97330856,0.9728544,0.9746035,0.9751261,0.9726246,0.96126795,0.9536684,0.9559862,0.9492774
24,0.989718,0.9804992,0.9777471,0.9802727,0.98027194,0.9751906,0.97430825,0.973759,0.9749594,0.9760366,0.97363794,0.9607384,0.955887,0.9582839,0.94976556
