True_V_650_pu,True_V_632_pu,True_V_633_pu,True_V_645_pu,True_V_646_pu,True_V_671HV_pu,True_V_684HV_pu,True_V_692HV_pu,True_V_675_pu,True_V_680_pu,True_V_611_pu,True_V_634_pu,True_V_671_pu,True_V_684_pu,True_V_692_pu,Pred_V_650_pu,Pred_V_632_pu,Pred_V_633_pu,Pred_V_645_pu,Pred_V_646_pu,Pred_V_671HV_pu,Pred_V_684HV_pu,Pred_V_692HV_pu,Pred_V_675_pu,Pred_V_680_pu,Pred_V_611_pu,Pred_V_634_pu,Pred_V_671_pu,Pred_V_684_pu,Pred_V_692_pu
0.99553996,0.99129,0.99038005,0.99129,0.99129,0.98886,0.98872,0.98787004,0.98787,0.99046,0.98872,0.98397,0.97726995,0.98634,0.96303,0.99550974,0.9910063,0.9902731,0.99136466,0.99132,0.988378,0.98889184,0.9876041,0.9875421,0.98977023,0.98815376,0.98449975,0.9776129,0.98662996,0.9626795
0.99482,0.98969,0.98864,0.98969,0.98969,0.98667,0.98649997,0.98567,0.98567,0.98801,0.98649997,0.98120004,0.97416997,0.98370004,0.96078,0.99484634,0.9894703,0.98878294,0.99000585,0.9896036,0.9866572,0.9869387,0.98571146,0.98574877,0.9879364,0.986208,0.98173946,0.9747718,0.98386526,0.96089035
0.99329,0.98644,0.98497003,0.98644,0.98644,0.98254997,0.98228,0.98157,0.98159,0.98375,0.98228,0.97457,0.96792,0.97775,0.95656,0.9933005,0.98622674,0.985134,0.9867489,0.9860612,0.98267794,0.98237586,0.9815933,0.981628,0.9839021,0.98201597,0.97445804,0.9681846,0.97669977,0.95688385
0.99091,0.98155004,0.97959,0.98155004,0.98155004,0.97613,0.97556996,0.9753,0.97553,0.97712,0.97556996,0.9657,0.95748,0.96637,0.95012,0.9911175,0.98182577,0.9799542,0.982331,0.98146063,0.977345,0.97613865,0.9760259,0.9759111,0.9781096,0.9761303,0.9645089,0.9590489,0.9661935,0.951455
0.98957,0.97903,0.97695,0.97903,0.97903,0.97266996,0.97179,0.97228,0.97305,0.97350997,0.97179,0.96222,0.95094,0.95708,0.94718,0.98957944,0.9788165,0.9769302,0.9790659,0.9788766,0.9729122,0.97156316,0.9725116,0.9733234,0.9735128,0.9716822,0.96108043,0.951889,0.95673525,0.94758594
0.98973006,0.97975,0.97798,0.97975,0.97975,0.97332,0.97214,0.97345996,0.97489,0.97413003,0.97214,0.96542996,0.95071,0.95258,0.94832003,0.98966485,0.9793084,0.9777196,0.97933596,0.97952056,0.97320783,0.9722042,0.9735906,0.9750111,0.97407323,0.9718824,0.9629074,0.9506527,0.9528344,0.9478627
0.9901,0.98086995,0.97925,0.98086995,0.98086995,0.97487,0.97356,0.9755,0.97755,0.97564,0.97356,0.96782,0.95227003,0.95174,0.95032,0.9900098,0.9802789,0.978917,0.9802742,0.98037404,0.9745692,0.9736039,0.9751262,0.9773688,0.9754465,0.97323537,0.9655976,0.95122015,0.95213467,0.94993186
0.99047995,0.98192,0.98038,0.98192,0.98192,0.97642,0.9751,0.97736,0.97979,0.97728,0.9751,0.96953994,0.95364,0.95299,0.95223,0.99029624,0.98109716,0.9797482,0.9811255,0.9812734,0.9758173,0.97455055,0.97632813,0.9789518,0.97663724,0.97450995,0.9675249,0.95241416,0.9521696,0.9514958
0.99047,0.98200005,0.98033,0.98200005,0.98200005,0.97685003,0.97549,0.97787005,0.98039,0.97782,0.97549,0.96857,0.95478,0.95282,0.95274997,0.9904747,0.9815171,0.98009354,0.98161864,0.98176724,0.9765938,0.974985,0.97707516,0.9797469,0.97716516,0.97515184,0.9686858,0.9530804,0.95245093,0.9522651
0.99027,0.98156,0.97989,0.98156,0.98156,0.97620004,0.97487,0.97713995,0.97956,0.97726,0.97487,0.96808004,0.95273,0.95280004,0.95201004,0.99046975,0.98156863,0.9800678,0.9816432,0.9817796,0.9766137,0.9749155,0.9771318,0.97955775,0.97722447,0.9751345,0.96883285,0.95334387,0.95238674,0.9522033
0.9903,0.98148996,0.97986996,0.98148996,0.98148996,0.97590995,0.97457004,0.97662,0.97876,0.97708,0.97457004,0.96843004,0.95278996,0.95211995,0.95148003,0.99028796,0.98116744,0.9796701,0.98125744,0.98125964,0.9758688,0.97434324,0.9762676,0.9783084,0.97678864,0.9743896,0.9681163,0.9529329,0.9521651,0.9512865
0.9901,0.98077,0.97912997,0.98077,0.98077,0.97471,0.97339,0.975,0.97663,0.97585,0.97339,0.96753997,0.95233005,0.95136,0.94983,0.98993427,0.98037255,0.9787955,0.98054516,0.98039556,0.9745702,0.9733293,0.9747752,0.976302,0.9758952,0.97321755,0.9659583,0.9519951,0.951729,0.9496896
0.98963,0.97943,0.97754,0.97943,0.97943,0.97301,0.97174996,0.97274005,0.97365004,0.97431,0.97174996,0.96421,0.95144004,0.95074004,0.94762003,0.98954266,0.9794117,0.9775804,0.97949314,0.9792575,0.9730733,0.9721211,0.9729296,0.9739537,0.9745773,0.97171676,0.9627823,0.9509544,0.9516355,0.9478933
0.98916,0.97813004,0.97588,0.97813004,0.97813004,0.97162,0.97055,0.97087,0.97118,0.97300005,0.97055,0.95994,0.95068,0.95272005,0.94580996,0.98914266,0.9786513,0.9760126,0.9780964,0.97816086,0.97172713,0.97069806,0.97103465,0.97163016,0.9733865,0.9708684,0.9584685,0.9510689,0.95292205,0.9461153
0.98930997,0.97833997,0.97562003,0.97833997,0.97833997,0.97282,0.97202,0.97183996,0.97186,0.97433,0.97202,0.95635,0.9545,0.9587,0.94675,0.98903024,0.977841,0.9752049,0.97787404,0.9780125,0.9722275,0.97187775,0.97095513,0.97133,0.9742049,0.97136676,0.9543104,0.9541539,0.95709807,0.94603837
0.98915005,0.97801,0.97462,0.97801,0.97801,0.97363,0.97309,0.97262996,0.97262996,0.97511,0.97309,0.95066,0.95811,0.96419,0.94752,0.9892837,0.97831416,0.9752228,0.9786232,0.97849363,0.9739102,0.9739233,0.9727429,0.9729394,0.9760583,0.97292215,0.9528276,0.9582428,0.96337676,0.9478785
0.99032,0.98053,0.9773,0.98053,0.98053,0.97719,0.97684,0.97617996,0.97618,0.97894996,0.97684,0.95447,0.96271,0.97106,0.95102,0.99010515,0.97989815,0.97691077,0.98015344,0.980027,0.976066,0.97605777,0.9752782,0.9751678,0.9782098,0.97599566,0.9540363,0.9617451,0.96909195,0.95034564
0.99125,0.98235005,0.97944,0.98235005,0.98235005,0.9793,0.97909,0.97830003,0.9783,0.98082,0.97909,0.95877004,0.96612996,0.97558004,0.9532,0.99130124,0.98204744,0.97982603,0.9824496,0.98188484,0.97887737,0.9789322,0.9776079,0.97775704,0.9805932,0.97867,0.9593774,0.96584153,0.9742252,0.9532754
0.99218,0.98424995,0.98174,0.98424995,0.98424995,0.98135,0.98117995,0.98034996,0.98035,0.98280996,0.98117995,0.96396995,0.96878,0.97837,0.95531,0.99245703,0.9845992,0.9827228,0.9849876,0.98444396,0.981905,0.9818341,0.9804851,0.980701,0.9831866,0.9814711,0.9659767,0.96969163,0.97824234,0.95606726
0.99381006,0.98757,0.98585004,0.98757,0.98757,0.98478,0.98464,0.98379,0.98379,0.9861,0.98464,0.97365004,0.97331,0.98234,0.95884,0.9935053,0.98699236,0.9854218,0.987418,0.9869699,0.9845539,0.9843022,0.98322827,0.98347074,0.9855013,0.98382556,0.97258276,0.97256243,0.9810297,0.9585769
0.99469995,0.98938996,0.98814,0.98938996,0.98938996,0.98657,0.98642004,0.98557,0.98556995,0.98779005,0.98642004,0.97933996,0.9755,0.98404,0.96067,0.99437094,0.9889636,0.98758656,0.9894038,0.98906183,0.98662513,0.9863352,0.98547673,0.9856118,0.9874105,0.9857022,0.97822446,0.9748435,0.9831384,0.96060944
0.99506,0.99021006,0.98908997,0.99021006,0.99021006,0.98762006,0.98748,0.98662,0.98662,0.98903006,0.98748,0.98113996,0.9764,0.98518,0.96175003,0.9950105,0.990362,0.98903155,0.99055094,0.9904833,0.98790336,0.98788285,0.98693335,0.986892,0.9889127,0.98728645,0.98171943,0.97674584,0.98504966,0.9619407
0.99538004,0.99087006,0.98994,0.99087006,0.99087006,0.98822,0.98806995,0.98722,0.98722,0.98958,0.98806995,0.98337,0.97703004,0.98572,0.96237004,0.99543333,0.9911686,0.9900264,0.9912384,0.9913041,0.98867077,0.98888355,0.9877135,0.98762804,0.9898749,0.9882726,0.98378766,0.9778692,0.9863544,0.9627281
0.99561,0.99140006,0.99049,0.99140006,0.99140006,0.98902,0.98888,0.98802996,0.98803,0.99051994,0.98888,0.98402,0.97824,0.9866,0.9632,0.9956136,0.9914012,0.9904813,0.9915307,0.991614,0.9888487,0.9892582,0.9879613,0.9878814,0.9901971,0.9885985,0.9847073,0.97820395,0.9869592,0.96301174
0.99538004,0.99088,0.98998004,0.99088,0.99088,0.98817,0.98802996,0.98718,0.98718,0.9896,0.98802996,0.98364,0.97637004,0.98572,0.96233004,0.99547434,0.9909412,0.99019796,0.9912869,0.99123037,0.9882923,0.988785,0.98750854,0.9874563,0.98968476,0.9880651,0.98432624,0.9774568,0.9864856,0.96259785
0.99489003,0.98981005,0.98880005,0.98981005,0.98981005,0.98674,0.98657995,0.98575,0.98575,0.98805,0.98657995,0.98168004,0.97424996,0.98386,0.96085995,0.9947831,0.98935264,0.9886385,0.9898682,0.98945564,0.98650026,0.98675054,0.9855455,0.98559344,0.9877783,0.9860441,0.9814421,0.97449625,0.9835777,0.9607404
0.99320996,0.98627,0.98482,0.98627,0.98627,0.98226,0.98197997,0.98128,0.9813,0.98343,0.98197997,0.97451,0.96725005,0.97736,0.95626,0.9932193,0.986062,0.9849416,0.98657393,0.98587614,0.9824908,0.9821446,0.98137814,0.98140454,0.9836773,0.98178536,0.97407967,0.96783394,0.9762974,0.9566779
0.99104005,0.98179,0.97986,0.98179,0.98179,0.9764,0.97584,0.97557,0.97580004,0.97731,0.97584,0.96625,0.95844,0.96661,0.9504,0.9910402,0.98165864,0.9797604,0.98218125,0.9813038,0.9771525,0.9759127,0.9758368,0.9757579,0.97784436,0.97589594,0.9643086,0.95863354,0.9658132,0.95124555
0.98976994,0.97947,0.9774,0.97947,0.97947,0.97330004,0.97240996,0.97291,0.97368,0.97417,0.97240996,0.96279997,0.9523,0.95761997,0.94779,0.9895598,0.97875094,0.97689176,0.9789891,0.97884476,0.9728529,0.9715037,0.9724863,0.97330296,0.9734421,0.9716061,0.96104777,0.95179534,0.95653385,0.9475308
0.98952997,0.97934,0.9775,0.97934,0.97934,0.97283,0.97169995,0.97296995,0.9744,0.97362995,0.97169995,0.96449,0.94935,0.95287,0.94785,0.9896748,0.9793455,0.9777523,0.9793339,0.97951674,0.9732301,0.9721897,0.9736556,0.97509843,0.9740876,0.97190607,0.9630256,0.95062864,0.9528161,0.9478834
0.99007994,0.98077995,0.97916996,0.98077995,0.98077995,0.97472996,0.97342,0.97536004,0.97741,0.97542,0.97342,0.96773994,0.95233005,0.95163,0.95018,0.990019,0.98030466,0.9789441,0.9802783,0.9803762,0.974589,0.97359294,0.975172,0.97742337,0.97547746,0.9732664,0.9656491,0.95123297,0.9521123,0.9499586
0.99039,0.98174,0.98017,0.98174,0.98174,0.97624,0.97485,0.97717,0.9796,0.97712,0.97485,0.96907,0.95394003,0.95166004,0.95204,0.9903015,0.98111516,0.979756,0.98113155,0.98127437,0.97582626,0.9745436,0.9763555,0.97897214,0.97665906,0.9745165,0.967548,0.9524245,0.9521576,0.9515018
0.99037004,0.98175997,0.98017,0.98175997,0.98175997,0.97634,0.97499,0.97735,0.97988003,0.97724,0.97499,0.96892,0.95328,0.95247,0.95223,0.9904744,0.98151577,0.9800874,0.9816226,0.9817688,0.97659075,0.9749803,0.9770759,0.97973794,0.97717094,0.9751471,0.9686598,0.95306516,0.9524458,0.95225346
0.99014,0.98125,0.97958004,0.98125,0.98125,0.97572,0.97435,0.97665,0.97908,0.9767,0.97435,0.96777004,0.95238,0.9515,0.95151,0.9904607,0.9815486,0.98004663,0.9816361,0.9817633,0.9765723,0.9748983,0.9770914,0.97948956,0.9772125,0.9750896,0.9687966,0.95330024,0.9523725,0.95215386
0.99042,0.98174,0.98014,0.98174,0.98174,0.97628003,0.97492003,0.97699,0.97913,0.97745,0.97492003,0.96878,0.95383,0.95217997,0.95185006,0.99026906,0.98112416,0.97962767,0.9812296,0.98122376,0.9757904,0.97430223,0.9761866,0.9781876,0.97674936,0.97431993,0.9680136,0.95286345,0.9521296,0.9511962
0.99036,0.98135996,0.97965,0.98135996,0.98135996,0.97578,0.97451,0.97607,0.97769,0.97709,0.97451,0.96756,0.95393,0.9534,0.95091,0.9899023,0.9802988,0.9787229,0.98049146,0.98033065,0.9744496,0.97325623,0.97464615,0.9761211,0.97582185,0.97311586,0.9657621,0.951883,0.9516734,0.9495502
0.98952997,0.97922,0.9773,0.97922,0.97922,0.97275996,0.97155005,0.97249,0.97340006,0.97402996,0.97155005,0.96372,0.95048,0.95151,0.94737995,0.98951626,0.9793465,0.9775029,0.97940415,0.9791672,0.9729647,0.9720282,0.9727747,0.97379076,0.9744635,0.97160476,0.9625309,0.9508616,0.9516679,0.947762
0.98915005,0.97811,0.97587,0.97811,0.97811,0.97157997,0.97045994,0.97083,0.97113997,0.97296,0.97045994,0.96,0.95098,0.95188,0.94577,0.9891289,0.9785592,0.9759146,0.97801304,0.97813344,0.97166395,0.97066647,0.970937,0.97152424,0.9733383,0.9708073,0.95809877,0.9511773,0.953064,0.94602
0.9893,0.97835004,0.97563,0.97835004,0.97835004,0.97286004,0.97204995,0.97188,0.97191,0.97445005,0.97204995,0.95634,0.95423,0.95861006,0.94679004,0.9890309,0.9778244,0.9751781,0.97788215,0.9780096,0.972312,0.97195464,0.97102654,0.9713889,0.9743152,0.97142965,0.95416343,0.95437825,0.9574224,0.9460933
0.98941,0.97858006,0.97533,0.97858006,0.97858006,0.97427,0.9737,0.97327,0.97327,0.97589,0.9737,0.95229,0.95848995,0.96431,0.94814,0.98930955,0.9783788,0.9752803,0.9786882,0.9785779,0.97402275,0.9740402,0.9728762,0.9730333,0.9761706,0.9730879,0.95278543,0.95845175,0.96366,0.9479666
0.9902,0.98022,0.97697,0.98022,0.98022,0.97673005,0.97638,0.97572005,0.97572005,0.97833997,0.97638,0.95400006,0.96247,0.97064996,0.95054996,0.99015355,0.979986,0.97703725,0.9802573,0.9800919,0.97616976,0.9761278,0.9753981,0.97528076,0.9783229,0.97615904,0.954207,0.96190184,0.96939856,0.95048827
0.99113005,0.9821,0.97914,0.9821,0.9821,0.97897995,0.97877,0.97798,0.97798,0.98051,0.97877,0.95822,0.96546,0.9753,0.95287,0.99135494,0.9821386,0.97996,0.98256207,0.98197705,0.97899973,0.979046,0.9777152,0.9778704,0.98069793,0.97878784,0.9596352,0.96602625,0.9744318,0.95340127
0.99215007,0.98410994,0.98161,0.98410994,0.98410994,0.98108,0.98091,0.98008,0.98008,0.98236996,0.98091,0.96389997,0.96897995,0.97809,0.95502996,0.99249214,0.9846743,0.9828163,0.9850718,0.9845267,0.98199207,0.9819168,0.9805824,0.98079693,0.983275,0.9815608,0.9661767,0.96981215,0.97838503,0.956154
0.99377,0.98747,0.98572,0.98747,0.98747,0.98466,0.98452,0.98366004,0.98366,0.98593,0.98452,0.97337997,0.97330004,0.98224,0.95870996,0.9935304,0.9870405,0.9854884,0.9874709,0.98702407,0.9846081,0.98435634,0.9832892,0.9835385,0.98555803,0.9838762,0.9727204,0.97262746,0.9811173,0.958637
0.99471,0.98945004,0.98818,0.98945004,0.98945004,0.98673004,0.9866,0.98574,0.98574,0.98808,0.9866,0.97921,0.97532,0.98433995,0.96084,0.99438876,0.9889995,0.9876289,0.9894326,0.98909587,0.98665947,0.9863753,0.9855154,0.9856547,0.98745364,0.9857433,0.978311,0.9749005,0.9832148,0.96065104
0.99513996,0.99041,0.98927003,0.99041,0.99041,0.98794,0.9878,0.98694,0.98694,0.98942995,0.9878,0.98127997,0.97685003,0.98544,0.96208,0.99502796,0.9903975,0.9890728,0.9905812,0.9905192,0.98794323,0.9879263,0.98697156,0.9869313,0.98895574,0.98732924,0.9818042,0.97681093,0.98512346,0.9619795
0.99548,0.99114,0.99018,0.99114,0.99114,0.98873,0.98859,0.98774004,0.98774,0.99028003,0.98859,0.98337,0.9775,0.98628,0.96290004,0.995452,0.9912053,0.99006855,0.9912725,0.99134725,0.9887154,0.9889336,0.98775536,0.9876688,0.98991835,0.98831946,0.98387706,0.97793996,0.98642576,0.96276844
0.99556005,0.99129,0.99039,0.99129,0.99129,0.98881,0.98867,0.98781997,0.98781997,0.9903,0.98867,0.98405,0.97774,0.98633003,0.96298,0.99563277,0.9914339,0.99052095,0.9915736,0.9916659,0.988899,0.9893173,0.9880128,0.9879217,0.9902393,0.9886461,0.98479885,0.9782903,0.98703504,0.9630528
0.99537,0.99086,0.98996997,0.99086,0.99086,0.98813,0.98799,0.98714,0.98714,0.98954,0.98799,0.98368,0.97635007,0.98564,0.96229,0.99548936,0.9909676,0.99022853,0.9913224,0.9912706,0.98832816,0.9888305,0.98755175,0.98749137,0.9897194,0.9881019,0.98440385,0.97752583,0.9865452,0.9626316
0.99497,0.98998004,0.98897004,0.98998004,0.98998004,0.98702,0.98685,0.98603,0.98603,0.98833996,0.98685,0.98183,0.97503,0.98403,0.96115,0.9948022,0.98938996,0.98868066,0.98991066,0.98950034,0.9865483,0.9868066,0.98559844,0.9856397,0.98782617,0.9860927,0.98153484,0.97458416,0.9836641,0.9607862
0.99315,0.98613,0.98465,0.98613,0.98613,0.98207,0.98179,0.98109,0.98112,0.98322,0.98179,0.97422,0.96714,0.97708,0.95607996,0.99324685,0.986117,0.9850047,0.9866337,0.9859387,0.98255485,0.98222417,0.98145187,0.98147714,0.98375106,0.9818622,0.9742066,0.96795434,0.976438,0.95674896
0.99107,0.98186004,0.97993,0.98186004,0.98186004,0.97652,0.97598,0.9757,0.97593,0.97745997,0.97598,0.9663,0.95840997,0.96703,0.95053005,0.9910649,0.981714,0.97982055,0.9822281,0.98134977,0.9772147,0.97598284,0.97589993,0.9757998,0.9779249,0.97596973,0.9643676,0.9587703,0.96593267,0.95131373
0.98960006,0.97908,0.97699004,0.97908,0.97908,0.97274995,0.97187,0.97236,0.97313005,0.97354,0.97187,0.96220005,0.95134,0.95735997,0.94726,0.9895625,0.97875947,0.976895,0.97900504,0.97884935,0.97285914,0.97151345,0.9724868,0.97330207,0.97344995,0.97161436,0.96105146,0.9518102,0.9565765,0.9475346
0.98975,0.97977006,0.97796,0.97977006,0.97977006,0.97342,0.97227,0.97355,0.97498006,0.97418,0.97227,0.96516,0.95109004,0.95320004,0.94841003,0.98967403,0.9793415,0.97775227,0.97934127,0.9795227,0.97322685,0.9721968,0.9736512,0.9750916,0.97408885,0.97190356,0.963022,0.95062387,0.95280796,0.9478784
0.98993,0.98049,0.97884005,0.98049,0.98049,0.97437,0.97307,0.975,0.97706,0.97510004,0.97307,0.96715003,0.95137,0.95137995,0.94982,0.9900187,0.98030466,0.9789468,0.9802821,0.9803748,0.9745831,0.97359437,0.9751708,0.9774242,0.97547734,0.973265,0.96565473,0.951227,0.9521008,0.9499523
0.99041003,0.98175997,0.98022,0.98175997,0.98175997,0.97617996,0.97483,0.97712,0.97954,0.97699004,0.97483,0.96933,0.95354,0.95232004,0.95198,0.990303,0.9811196,0.9797637,0.9811374,0.9812785,0.9758299,0.9745507,0.97635996,0.97898215,0.9766633,0.97452325,0.9675602,0.95242906,0.95215267,0.9515072
0.99056,0.98218,0.98055,0.98218,0.98218,0.97704,0.97573,0.97805,0.98058,0.97800004,0.97573,0.9691,0.95439,0.95400995,0.95294,0.99047804,0.9815272,0.98010147,0.981635,0.9817778,0.9766046,0.974994,0.97709125,0.97976077,0.9771842,0.9751604,0.9686951,0.9530753,0.95244604,0.95227194
0.99028003,0.98157996,0.97994,0.98157996,0.98157996,0.97617996,0.97477,0.97711,0.97954,0.97725,0.97477,0.96831,0.95327,0.95143,0.95198,0.9904645,0.981562,0.98006713,0.9816547,0.9817736,0.9765939,0.9749175,0.9771148,0.9795243,0.9772316,0.9751081,0.96884817,0.9533017,0.9523732,0.9521807
0.99038,0.98165,0.98004997,0.98165,0.98165,0.97612,0.97481,0.97683,0.97897,0.97727,0.97481,0.96873003,0.95282,0.95307,0.95169,0.99027413,0.9811393,0.97964686,0.9812492,0.9812353,0.9758166,0.9743208,0.97621506,0.9782284,0.97677106,0.97433937,0.9680647,0.9528677,0.95213777,0.9512257
0.99030995,0.98121,0.97956,0.98121,0.98121,0.97539,0.97412,0.97568,0.97731,0.97655004,0.97412,0.96794003,0.95345,0.95294,0.95051,0.989914,0.9803263,0.9787547,0.9805187,0.98035365,0.974496,0.9732849,0.9746974,0.97619355,0.9758578,0.9731527,0.96584415,0.95190585,0.9516926,0.9496039
0.98963,0.97948,0.97753,0.97948,0.97948,0.97323,0.97198004,0.97296,0.97387004,0.97463,0.97198004,0.96377,0.95164,0.95123005,0.94784003,0.9895373,0.9793865,0.977556,0.9794538,0.97921044,0.97304094,0.9720922,0.972872,0.973893,0.97453374,0.97166646,0.9626926,0.9509153,0.9516688,0.9478484
0.98889005,0.97758,0.97523,0.97758,0.97758,0.97097003,0.96986,0.97021997,0.97053,0.97233,0.96986,0.95860004,0.95012,0.95141,0.94518,0.9891421,0.97861725,0.97598475,0.9780623,0.97814214,0.97171104,0.97068536,0.97099847,0.97159606,0.97336614,0.9708423,0.9583371,0.9510982,0.9529893,0.9460855
0.98924005,0.97821,0.97546,0.97821,0.97821,0.97268003,0.97184,0.9717,0.97172004,0.97422,0.97184,0.95600003,0.95454,0.95783997,0.94661,0.98903066,0.9778326,0.9751975,0.97787285,0.9780052,0.9722607,0.9719018,0.97097975,0.9713512,0.9742445,0.9713875,0.95425105,0.9542421,0.9572254,0.94605637
0.98933005,0.97844005,0.97508,0.97844005,0.97844005,0.97427,0.97371,0.97326,0.97326,0.97593,0.97371,0.95131,0.95876,0.96446997,0.94813,0.9892901,0.97833294,0.9752414,0.9786449,0.9785267,0.973953,0.97397155,0.97279555,0.97298485,0.97611094,0.9729886,0.952802,0.9583425,0.9635133,0.9479094
0.99029,0.98046,0.97723,0.98046,0.98046,0.97711,0.97678,0.97611,0.97611,0.97888005,0.97678,0.95431995,0.96241003,0.9712,0.95095,0.99012446,0.97993517,0.9769714,0.9802027,0.9800546,0.9761115,0.9760858,0.9753255,0.9752188,0.97825706,0.976069,0.95411026,0.9618239,0.96923083,0.9504131
0.99114,0.98216,0.97916,0.98216,0.98216,0.97917,0.97897,0.97817004,0.97817004,0.98076,0.97897,0.95791996,0.96585,0.9756,0.95307,0.9913309,0.98210114,0.97990656,0.98252195,0.98194027,0.97895485,0.978999,0.97766805,0.9778225,0.9806513,0.9787394,0.95953584,0.9659713,0.97435033,0.953354
0.9922,0.98424,0.98175,0.98424,0.98424,0.98127997,0.98111004,0.98028,0.98028,0.98261,0.98111004,0.96408,0.96926004,0.97829,0.95523,0.9924799,0.9846642,0.9827919,0.9850614,0.984515,0.98197806,0.98189944,0.98056626,0.9807782,0.9832583,0.9815486,0.9661414,0.96981204,0.9783515,0.9561384
0.99363005,0.98719,0.98539,0.98719,0.98719,0.98436,0.98421997,0.98336,0.98336,0.98568,0.98421997,0.97265005,0.97264004,0.98194,0.9584,0.9935258,0.9870438,0.98548084,0.9874775,0.9870288,0.98460954,0.9843575,0.98329264,0.9835368,0.98555714,0.9838792,0.97272485,0.9726442,0.9811056,0.9586381
0.99473,0.98947996,0.98822,0.98947996,0.98947996,0.98676,0.98662,0.98576003,0.98576003,0.98807,0.98662,0.97932,0.9756,0.98425996,0.96086997,0.9943818,0.988995,0.9876151,0.9894368,0.9890924,0.98665375,0.98637086,0.9855167,0.9856452,0.9874496,0.985735,0.97830445,0.97491133,0.98320276,0.96064645
0.99513996,0.9904,0.98925,0.9904,0.9904,0.98794,0.9878,0.98695,0.98695,0.98941,0.9878,0.98118,0.97701997,0.98555,0.96208,0.99502474,0.9903944,0.98906344,0.9905877,0.9905233,0.9879406,0.9879294,0.9869781,0.98693067,0.98895353,0.9873243,0.98180705,0.97682154,0.9851207,0.96198237
0.99543,0.99106,0.99007,0.99106,0.99106,0.98864,0.9885,0.98765,0.98765,0.99022996,0.9885,0.98314,0.9772099,0.98618,0.96281,0.9954529,0.99120706,0.990067,0.9912818,0.99135566,0.98871934,0.9889456,0.987766,0.9876757,0.989923,0.98832124,0.9838912,0.97795665,0.9864368,0.9627783
0.99565005,0.99152,0.99066,0.99152,0.99152,0.98912996,0.98899,0.98814,0.98814,0.99073005,0.98899,0.98453,0.97771996,0.9867,0.96331,0.99563694,0.9914412,0.99052596,0.9915879,0.99168026,0.9889077,0.9893357,0.9880309,0.9879344,0.9902521,0.9886546,0.98482686,0.97831666,0.98705626,0.9630678
0.99537,0.99087006,0.98995,0.99087006,0.99087006,0.9882,0.98806006,0.98721004,0.98721004,0.98962,0.98806006,0.98346,0.97664005,0.98573995,0.96236,0.99550146,0.99098706,0.99025136,0.9913523,0.99130434,0.98835737,0.98887116,0.98758996,0.98751926,0.9897499,0.98812884,0.98446196,0.97758454,0.98659706,0.96266097
0.99495995,0.99003005,0.98899,0.99003005,0.99003005,0.98717,0.987,0.98618,0.98618,0.98866,0.987,0.98167,0.97455,0.98421,0.9613,0.99482256,0.9894276,0.98872495,0.9899572,0.9895497,0.98659813,0.98687017,0.98565555,0.9856908,0.9878789,0.98614377,0.9816313,0.97467583,0.9837609,0.96083856
0.99324,0.98631,0.98485,0.98631,0.98631,0.98232,0.98204,0.98134,0.98136,0.98341,0.98204,0.97449,0.96797,0.97734,0.95632994,0.9932824,0.9861894,0.9850895,0.9867108,0.98602647,0.98263216,0.9823235,0.981551,0.98157674,0.9838522,0.98196054,0.974368,0.96810985,0.9766072,0.95683956
0.99094003,0.98157996,0.97964,0.98159003,0.98159003,0.97613,0.97558,0.97530997,0.97553,0.97701997,0.97558,0.96586,0.95789003,0.96649003,0.95013,0.99110126,0.9817973,0.9799192,0.9823054,0.98143584,0.97730726,0.976103,0.9759897,0.9758792,0.978062,0.97608435,0.9644605,0.95897764,0.9661154,0.9514233
0.98954993,0.97896993,0.97682005,0.97896993,0.97896993,0.97268003,0.97181,0.97229,0.97306,0.97346,0.97181,0.96168005,0.95143,0.95738006,0.94719,0.98957515,0.97879744,0.9769244,0.9790453,0.97887325,0.9728955,0.9715543,0.9725024,0.9733178,0.9734928,0.97165835,0.9610706,0.95186234,0.9566779,0.9475686
0.98985,0.97998,0.97823,0.97998,0.97998,0.97359,0.97246,0.97372997,0.97516,0.97436,0.97246,0.96589,0.95104,0.95357996,0.94859,0.98967063,0.97932434,0.9777396,0.9793404,0.97952425,0.9732216,0.9722081,0.97361773,0.9750456,0.97408396,0.9718951,0.9629653,0.9506511,0.9528305,0.94787234
0.99006003,0.98080003,0.97912,0.98080003,0.98080003,0.97488,0.97358,0.97551,0.97757,0.97568995,0.97358,0.9673,0.95236,0.95189005,0.95034,0.99001473,0.9802931,0.97893786,0.9802815,0.98037446,0.9745755,0.9736017,0.97515225,0.9774031,0.9754658,0.9732539,0.96563566,0.95122206,0.95210755,0.94994265
0.99021995,0.98139,0.97983,0.98139,0.98139,0.9757,0.97431004,0.97663,0.97906,0.97658,0.97431004,0.96877,0.95234996,0.95129,0.95148003,0.9902979,0.9811051,0.97975904,0.98113066,0.9812721,0.9758192,0.9745514,0.9763411,0.97896576,0.97664976,0.97451717,0.96753854,0.9524153,0.95214957,0.95149744
0.99056,0.98219997,0.98055,0.98219997,0.98219997,0.97714996,0.97581995,0.97817004,0.98069,0.97817,0.97581995,0.96886,0.95491,0.95368,0.95307,0.9904772,0.9815208,0.9800953,0.9816229,0.98177105,0.97659844,0.97498894,0.9770818,0.97974926,0.97716945,0.9751541,0.9686845,0.9530892,0.9524508,0.9522651
0.98992,0.98080003,0.97908,0.98080003,0.98080003,0.97513,0.97373,0.97607,0.9785,0.97612,0.97373,0.96689,0.95154,0.95036,0.95091,0.9904661,0.9815608,0.9800632,0.9816451,0.981777,0.97660244,0.97491765,0.9771222,0.9795356,0.97722137,0.97512054,0.9688266,0.9533302,0.95238036,0.9521902
0.99043995,0.98179996,0.98021,0.98179996,0.98179996,0.97634995,0.97499,0.97705,0.97919995,0.97756,0.97499,0.96898,0.95361,0.95234996,0.95192,0.9902813,0.981149,0.9796486,0.9812427,0.981248,0.975836,0.97432935,0.97623503,0.9782534,0.97676516,0.97435915,0.9680685,0.95292443,0.95215523,0.95125085
0.99024004,0.98111004,0.97944,0.98111004,0.98111004,0.97531,0.974,0.9756,0.97722,0.97659004,0.974,0.96766,0.95311004,0.95217,0.95043004,0.9899179,0.98033315,0.97875357,0.9805159,0.9803664,0.974509,0.97329766,0.974711,0.9762056,0.9758492,0.97316325,0.96585435,0.9519541,0.95170563,0.9496204
0.98971,0.97965,0.97779,0.97965,0.97965,0.97331005,0.97208,0.97304004,0.97395,0.97473,0.97208,0.96466,0.95106,0.95156,0.94791996,0.98952633,0.9793795,0.9775379,0.97945344,0.9792268,0.9730182,0.97207505,0.97285616,0.9738768,0.9745193,0.9716695,0.9626443,0.95091236,0.9516461,0.94782734
0.98908997,0.97799,0.97573996,0.97799,0.97799,0.97139996,0.9703,0.97064996,0.97096,0.97276,0.9703,0.95982,0.95043,0.95209,0.94558996,0.9891322,0.9786066,0.97595936,0.9780712,0.97817355,0.9717008,0.97070545,0.9709989,0.9715952,0.97337866,0.97085965,0.958253,0.9511488,0.95300317,0.94608283
0.98908,0.97791004,0.97507006,0.97791004,0.97791004,0.97242004,0.97158,0.97143996,0.97146,0.97404003,0.97158,0.95496994,0.95388,0.95767,0.94636,0.9890288,0.9778399,0.9751938,0.97789425,0.9780136,0.97229856,0.97194415,0.97100836,0.97140115,0.97428775,0.9714237,0.9542044,0.954328,0.957331,0.9461031
0.9895,0.97880006,0.97552,0.97880006,0.97880006,0.97466004,0.97411,0.97366,0.97366,0.97635,0.97411,0.95229,0.95913,0.96496,0.94852,0.98930615,0.97837615,0.97527826,0.9786757,0.97857016,0.9740184,0.9740237,0.972867,0.97305083,0.9761591,0.97308034,0.952766,0.95844185,0.9636282,0.9479724
0.99014,0.98011,0.97684,0.98011,0.98011,0.97661996,0.97628,0.97562003,0.97562,0.97827,0.97628,0.9537,0.96204,0.97066003,0.95044,0.9901546,0.9799933,0.97704685,0.98025817,0.9800897,0.9761677,0.9761304,0.9753917,0.9752934,0.9783186,0.9761546,0.9541997,0.96190053,0.969394,0.95050645
0.99090004,0.98164004,0.97861004,0.98164004,0.98164004,0.97843,0.97822,0.97742,0.97743005,0.97995,0.97822,0.95719,0.96454996,0.97467,0.9523,0.9913569,0.9821471,0.97996867,0.9825732,0.98199254,0.9790119,0.9790627,0.97773474,0.9778864,0.98070854,0.9787946,0.9596393,0.96605444,0.97447604,0.95342255
0.9922,0.98424995,0.98175997,0.98424995,0.98424995,0.98127,0.98111004,0.98026997,0.98027,0.98265,0.98111004,0.96419,0.96886003,0.97839004,0.95523,0.99248827,0.9846702,0.98281175,0.9850709,0.9845271,0.9819868,0.9819227,0.98058975,0.9808008,0.98328096,0.98155963,0.96614474,0.969845,0.9784308,0.9561642
0.99362,0.98715,0.98535,0.98715,0.98715,0.98427,0.98413,0.98328,0.98328,0.98555,0.98413,0.97267,0.97262,0.98182005,0.95831,0.9935321,0.98704815,0.98549676,0.9874823,0.98703647,0.98462564,0.9843783,0.9833061,0.9835559,0.9855748,0.98389083,0.9727228,0.9726815,0.9811799,0.9586576
0.99486,0.98978996,0.98853004,0.98978996,0.98978996,0.98726,0.98712003,0.98626995,0.98627,0.98866,0.98712003,0.97957003,0.97642,0.98479,0.96138996,0.9943862,0.9889995,0.98762834,0.9894382,0.9890962,0.9866699,0.98638403,0.9855227,0.98566365,0.98745996,0.98573965,0.9783053,0.97493494,0.98324794,0.9606599
0.99489003,0.98980004,0.98866,0.98980004,0.98980004,0.98700005,0.98686004,0.98600996,0.98601,0.98829,0.98686004,0.98058,0.97564995,0.98452,0.96112,0.99503773,0.99041784,0.98909074,0.99061024,0.9905547,0.98798084,0.98796964,0.9870099,0.9869679,0.9889801,0.9873528,0.9818657,0.97688067,0.9851872,0.9620158
0.99548,0.9911699,0.99018,0.9911699,0.9911699,0.98882,0.98868,0.98783004,0.98783004,0.99042,0.98868,0.98324,0.9775999,0.98639,0.96299,0.99545276,0.9912165,0.9900691,0.99127597,0.99135154,0.98872155,0.9889415,0.9877672,0.98768693,0.98993015,0.9883216,0.9838938,0.977958,0.98643893,0.96278316
0.99560004,0.99139,0.99051,0.99139,0.99139,0.98895,0.98881006,0.98796,0.98796,0.99049,0.98881006,0.98427004,0.97765,0.98652,0.96313,0.99564904,0.991471,0.9905529,0.9916037,0.99170464,0.98894054,0.98936594,0.9880594,0.987969,0.9902863,0.98868555,0.98487705,0.9783618,0.9871049,0.96309924
0.9956399,0.9915,0.99063003,0.9915,0.9915,0.98911,0.98895997,0.98811996,0.98811996,0.9907,0.98895997,0.98445004,0.97775996,0.98659,0.96329,0.9955241,0.99104065,0.99030447,0.99138737,0.9913522,0.988412,0.9889294,0.987642,0.98758,0.98981327,0.9881916,0.98455346,0.97766584,0.9866869,0.96271884
0.99485004,0.98972005,0.98871,0.98972005,0.98972005,0.98662,0.98645,0.98562,0.98561996,0.98792,0.98645,0.98158,0.97402,0.98365,0.96073,0.9948806,0.9895427,0.9888614,0.9900735,0.9896867,0.9867397,0.9870386,0.98580337,0.98584163,0.98802745,0.9863011,0.98188424,0.9749088,0.98402137,0.9609844
0.99333,0.98653,0.98506,0.98653,0.98653,0.98266995,0.98238,0.98169,0.98171,0.98384005,0.98238,0.97467,0.96847004,0.97766,0.95668,0.99335146,0.9863276,0.9852546,0.9868509,0.9861688,0.9828092,0.982529,0.98172,0.9817636,0.9840295,0.9821467,0.9747007,0.9683906,0.97694033,0.95701355
0.99119,0.98210996,0.98021,0.98210996,0.98210996,0.97683,0.97628,0.97600996,0.97624004,0.97778,0.97628,0.96678,0.95908,0.96721,0.95085,0.9911772,0.98192954,0.98007387,0.9824268,0.9815615,0.9774975,0.9762909,0.97616976,0.97601813,0.9782642,0.9762723,0.96468294,0.9593022,0.9664605,0.9515823
0.98954993,0.979,0.97682005,0.979,0.979,0.97281,0.97194004,0.97242,0.97319,0.97364,0.97194004,0.96140003,0.95172,0.9575,0.94731003,0.9896079,0.9788888,0.9769688,0.9791051,0.97888184,0.972986,0.97159344,0.9725649,0.9733444,0.9735627,0.9717771,0.9611541,0.9519774,0.95696855,0.9476327
0.98973006,0.97971,0.97797,0.97971,0.97971,0.97317,0.97199005,0.97330004,0.97472996,0.97387,0.97199005,0.96569,0.95068,0.95245,0.94816995,0.9896528,0.9792863,0.9776778,0.97929394,0.9794828,0.97315955,0.9721347,0.9735413,0.9749425,0.97401536,0.97184277,0.9628144,0.95064384,0.95287895,0.9477825
0.9899,0.98044,0.97879,0.98044,0.98044,0.97428,0.97301,0.97492,0.97697,0.97503,0.97301,0.96715003,0.95071,0.95177,0.94974005,0.99000037,0.98025537,0.97889,0.9802401,0.9803286,0.97451264,0.97355187,0.97509354,0.9773201,0.97540444,0.97318757,0.96552885,0.95116717,0.95210385,0.9498628
0.99021,0.98131996,0.97977,0.98131996,0.98131996,0.97552997,0.97415,0.97646,0.97889,0.97631,0.97415,0.96884996,0.95225,0.95133,0.95131004,0.9902909,0.98108876,0.9797388,0.981106,0.9812498,0.9757851,0.9745261,0.9763075,0.97892594,0.9766222,0.9744865,0.9674763,0.9523924,0.9521416,0.95146114
0.99052995,0.98210996,0.98053,0.98210996,0.98210996,0.97685003,0.97549,0.97787005,0.98039,0.97779006,0.97549,0.96938,0.95440996,0.95284,0.95276,0.99047816,0.98152155,0.98009485,0.9816198,0.9817685,0.976596,0.97498846,0.9770756,0.9797465,0.977167,0.97514886,0.9686808,0.9530841,0.95245755,0.952264
0.99015003,0.98130995,0.97960997,0.98130995,0.98130995,0.97589,0.97455,0.97683,0.97926,0.97695005,0.97455,0.96753997,0.95233995,0.95220995,0.95169,0.99047214,0.98157763,0.9800773,0.9816585,0.98179483,0.97662604,0.9749385,0.9771463,0.9795625,0.9772379,0.9751396,0.96885604,0.95334935,0.95238996,0.9522172
0.99025995,0.98139,0.97979003,0.98139,0.98139,0.97573006,0.97439,0.97643,0.97858,0.97682005,0.97439,0.96846,0.95243,0.95216,0.95128,0.9902869,0.98116654,0.9796727,0.98126525,0.98126626,0.97586524,0.9743584,0.9762653,0.97828424,0.9767902,0.9743787,0.96812993,0.9529307,0.95216143,0.95128155
0.99027,0.98113996,0.97946995,0.98113996,0.98113996,0.97534996,0.97407,0.97564,0.97727,0.97656,0.97407,0.96766996,0.95327,0.95276,0.95047003,0.9899305,0.98036414,0.97879434,0.98054373,0.9803921,0.9745559,0.9733356,0.97475976,0.9762609,0.9758868,0.9731974,0.9659582,0.9519823,0.9517212,0.9496753
0.98956,0.9793,0.97735,0.9793,0.9793,0.97292,0.97170997,0.97265,0.97357,0.97422,0.97170997,0.96358997,0.95103,0.95158,0.94754,0.9895421,0.97940046,0.97757936,0.9794751,0.9792414,0.9730642,0.97210944,0.9729124,0.9739211,0.97455835,0.97169787,0.9627642,0.95094335,0.95163864,0.947872
0.98903,0.97793996,0.97558004,0.97793996,0.97793996,0.97157997,0.97045994,0.97082,0.97113997,0.9731,0.97045994,0.95887,0.9509,0.95186,0.94577,0.989146,0.97864413,0.9760011,0.9780786,0.9781658,0.9717225,0.97069633,0.97102535,0.97159374,0.9733955,0.9708709,0.958406,0.95111835,0.95295286,0.9461035
0.98908997,0.97789997,0.97507006,0.97789997,0.97789997,0.97236,0.97154003,0.97138005,0.97141,0.97389,0.97154003,0.95506,0.9541,0.95780003,0.94631004,0.989027,0.97784424,0.9752034,0.97787577,0.9780163,0.97224176,0.9718906,0.97096926,0.97132695,0.9742451,0.9713962,0.9542586,0.9542549,0.95718735,0.9460599
0.98943,0.97864,0.97542,0.97864,0.97864,0.97431004,0.97376,0.97331,0.97331,0.97596,0.97376,0.95258003,0.95804,0.96466994,0.94817996,0.9892938,0.97834533,0.975241,0.9786412,0.978541,0.9739612,0.9740009,0.9728038,0.9729897,0.9761264,0.97299993,0.9527823,0.9583774,0.9635579,0.94791687
0.98997,0.97976,0.97642004,0.97976,0.97976,0.97625,0.9759,0.97524,0.97524,0.97789997,0.9759,0.95272005,0.96167,0.97007996,0.95006,0.99012995,0.97995174,0.9769794,0.98019797,0.980062,0.97612864,0.9761016,0.97533417,0.97523004,0.9782704,0.9760858,0.95411396,0.96185523,0.969264,0.9504208
0.99109,0.98200005,0.97906,0.98200005,0.98200005,0.97879994,0.97859,0.97779,0.97779,0.98026997,0.97859,0.95825005,0.96515,0.97518003,0.95268,0.9913223,0.9820925,0.9798811,0.9824854,0.98192865,0.9789338,0.9789985,0.9776595,0.977815,0.98065674,0.9787313,0.9594577,0.96597636,0.9743669,0.95332783
0.9923301,0.98454,0.98211,0.98454,0.98454,0.98162,0.98146003,0.98062,0.98062,0.98305,0.98146003,0.96493,0.96908,0.97876996,0.95558,0.99246824,0.9846216,0.9827501,0.98499763,0.9844641,0.98193765,0.98187536,0.98051184,0.9807372,0.9832306,0.9815076,0.9659987,0.96979815,0.9783621,0.9560959
0.99371,0.98741007,0.98563,0.98741007,0.98741007,0.98467004,0.98453003,0.98367,0.98367,0.98609,0.98453003,0.97304,0.97277,0.98216003,0.95871997,0.9935215,0.9870242,0.9854618,0.9874386,0.9870005,0.9846062,0.9843539,0.9832596,0.9835188,0.9855478,0.98386866,0.9726427,0.9726665,0.98114264,0.95861495
0.99467003,0.98933,0.98803,0.98933,0.98933,0.98659,0.98645,0.98559004,0.98559,0.98785,0.98645,0.97884,0.97566,0.98415,0.96069,0.9943835,0.9889893,0.98762125,0.98942727,0.98909026,0.98667157,0.9863767,0.9855056,0.9856535,0.98744655,0.98573244,0.9782844,0.9749274,0.983219,0.96064025
0.99513,0.99031997,0.98924005,0.99031997,0.99031997,0.98768,0.98754,0.98669,0.98669004,0.989,0.98754,0.98157,0.97687,0.98522,0.96182,0.9950266,0.9903985,0.98906904,0.9905858,0.99052924,0.9879544,0.9879339,0.98697966,0.98694307,0.9889544,0.9873277,0.9818128,0.97683674,0.9851275,0.9619832
0.99549,0.99114,0.99016,0.99114,0.99114,0.98875,0.9886,0.98775,0.98775005,0.99026996,0.9886,0.98327005,0.97788,0.98622996,0.96291006,0.9954486,0.99120224,0.99006,0.991265,0.9913419,0.98871624,0.9889302,0.9877504,0.987674,0.989913,0.9883104,0.9838647,0.9779409,0.98641884,0.9627669
0.9958,0.99187994,0.99097997,0.99187994,0.99187994,0.98974,0.9896,0.98875,0.98875,0.99143,0.9896,0.98466,0.97898,0.98721,0.96393,0.9956394,0.99145085,0.99053454,0.9915824,0.99167967,0.9889208,0.98933977,0.988028,0.9879457,0.99025834,0.98866296,0.984828,0.9783212,0.98706615,0.9630735
0.99552,0.99124,0.99033,0.99124,0.99124,0.98877,0.98863,0.98778,0.98778003,0.99036,0.98863,0.98394,0.97705007,0.98629,0.96295,0.99551994,0.9910244,0.9902955,0.99138135,0.9913432,0.9884104,0.98892534,0.98762596,0.98756254,0.98979276,0.98818004,0.984529,0.97765326,0.9866745,0.96270245
0.99511003,0.99035,0.98933,0.99035,0.99035,0.98762006,0.98744,0.98662,0.98662,0.98909,0.98744,0.98216003,0.97572994,0.98461,0.96176,0.9948569,0.98949015,0.9888063,0.9900265,0.98962814,0.9866868,0.9869743,0.9857352,0.9857769,0.9879612,0.9862387,0.98178,0.97481376,0.9839135,0.9609176
0.99342,0.98670006,0.98529,0.98670006,0.98670006,0.98281,0.98254,0.98183,0.98185,0.98397,0.98254,0.97532,0.96842,0.97805,0.95683,0.99333197,0.9862863,0.9852066,0.9868213,0.98613304,0.982764,0.9824849,0.9816729,0.9817167,0.983987,0.9821088,0.97460246,0.9683223,0.97686505,0.9569703
0.99088997,0.98151004,0.97955,0.98151004,0.98151004,0.97607,0.97551,0.97524995,0.97548,0.97708,0.97551,0.96565,0.95735997,0.96623,0.95006996,0.9911356,0.9818431,0.9799779,0.9823587,0.9814847,0.97740215,0.9762026,0.97605705,0.97594416,0.97815263,0.97618383,0.9645363,0.95912063,0.96629775,0.95148546
0.98967993,0.97927,0.97718,0.97927,0.97927,0.97305,0.97214997,0.97266,0.97343004,0.97392005,0.97214997,0.96241,0.95198,0.95718,0.94755,0.98956305,0.9787793,0.97687495,0.97904086,0.978837,0.9728662,0.97152007,0.97247404,0.97328943,0.97345567,0.9716311,0.9610157,0.9518427,0.956743,0.94752324
0.98957,0.9794,0.97758996,0.9794,0.9794,0.97288,0.97172,0.97301,0.97444004,0.97366,0.97172,0.96474,0.94968,0.95255005,0.94789004,0.98965013,0.9792808,0.977679,0.97931737,0.9794948,0.97314,0.97214746,0.973563,0.9749827,0.9740128,0.9718372,0.96285385,0.9505604,0.9528076,0.9477722
0.99019,0.98104995,0.97946995,0.98104995,0.98104995,0.97507,0.97378004,0.9757,0.97775,0.97583,0.97378004,0.9683,0.95232004,0.95243996,0.95053005,0.99000186,0.9802601,0.9789038,0.9802737,0.98035383,0.97452354,0.97357655,0.97511417,0.97736204,0.9754209,0.9732174,0.9655627,0.9511521,0.9520738,0.94988716
0.99027,0.98146003,0.97988,0.98146003,0.98146003,0.97583,0.9745,0.97675997,0.97919,0.97665,0.9745,0.96866,0.9526,0.95238006,0.95162,0.9902913,0.98108983,0.9797548,0.98112863,0.9812655,0.97579384,0.974541,0.9763255,0.9789675,0.97663325,0.9745161,0.9675097,0.95237505,0.9521139,0.9514859
0.99021995,0.98143,0.97977,0.98143,0.98143,0.97597,0.97462004,0.97699,0.97951,0.97684,0.97462004,0.96801996,0.95293,0.95209,0.95185006,0.9904789,0.98152685,0.98011196,0.9816394,0.9817797,0.97660375,0.97499865,0.9770982,0.9797914,0.9771784,0.9751756,0.9687225,0.9530748,0.95242846,0.95228994
0.99028003,0.98157,0.97993,0.98157,0.98157,0.97616,0.97481,0.97709,0.97951996,0.97719,0.97481,0.96831,0.95289,0.95229,0.95195997,0.99048275,0.98160034,0.98009944,0.98167723,0.98181343,0.97665465,0.9749494,0.97718877,0.97963125,0.9772562,0.97517645,0.96892256,0.95338356,0.9523864,0.9522623
0.99016,0.98121,0.97957,0.98121,0.98121,0.97552997,0.97418,0.97624,0.97837996,0.9767,0.97418,0.968,0.95197,0.95159,0.95109,0.99030405,0.9812091,0.97971463,0.9813008,0.9813018,0.97592396,0.974391,0.97633725,0.978389,0.9768312,0.9744352,0.968255,0.95298564,0.9521745,0.95135975
0.99028003,0.98113,0.97945005,0.98113,0.98113,0.97534996,0.97407997,0.97564,0.97726,0.97650003,0.97407997,0.96756995,0.95350003,0.95304,0.95047003,0.9899482,0.98040944,0.97884035,0.98058397,0.9804341,0.97461736,0.9733731,0.9748349,0.9763648,0.9759313,0.9732539,0.96610016,0.9520448,0.9517349,0.9497541
0.98978007,0.97977006,0.9779,0.97977006,0.97977006,0.97351,0.97227,0.97324,0.97415996,0.9749,0.97227,0.96466,0.95195997,0.95156,0.94811004,0.9895592,0.97943896,0.97763026,0.97952867,0.979291,0.9731291,0.9721634,0.9730037,0.9740212,0.9746235,0.97176147,0.96293324,0.9510032,0.9516234,0.9479532
0.98917997,0.97819996,0.97590995,0.97819996,0.97819996,0.9718,0.97074,0.97105,0.97136,0.97321,0.97074,0.95971006,0.95112,0.95307,0.94599,0.98915356,0.9786995,0.97606325,0.9781314,0.978178,0.9717661,0.9707231,0.97108424,0.9716639,0.97342634,0.970907,0.95863825,0.95105636,0.9528858,0.9461693
0.98877996,0.97720003,0.97431,0.97720003,0.97720003,0.97142005,0.97062,0.97044,0.97047,0.97281003,0.97062,0.95384,0.95255,0.95728,0.94539,0.9890336,0.9778567,0.9752217,0.97787416,0.9780081,0.9721945,0.971828,0.97093123,0.97132,0.9741741,0.97134763,0.95438504,0.95406854,0.95699394,0.9460481
0.98941,0.97854,0.97529,0.97854,0.97854,0.97418,0.97363,0.97318,0.97318,0.97568,0.97363,0.95228,0.95874,0.96451,0.94805,0.9892732,0.9782938,0.9752005,0.97859055,0.97848064,0.973876,0.9739016,0.9727086,0.9729146,0.97604233,0.9728754,0.9528237,0.9582214,0.9633248,0.9478368
0.99041003,0.98072,0.97754997,0.98072,0.98072,0.97736,0.97701997,0.97636,0.97635996,0.97912,0.97701997,0.95510995,0.96279,0.97132003,0.9512,0.990089,0.97987765,0.97687095,0.98011035,0.9800064,0.9760401,0.9760354,0.97523206,0.97513074,0.97817343,0.9759491,0.9539683,0.9617108,0.9689886,0.9502948
0.99126005,0.98234,0.97944,0.98234,0.98234,0.97924006,0.97903997,0.97824,0.97824,0.98072,0.97903997,0.95891005,0.96602005,0.97566,0.95314,0.99128795,0.98203254,0.9797934,0.9824147,0.9818603,0.97885376,0.9789063,0.97757614,0.9777273,0.98057073,0.97864395,0.95931125,0.96581304,0.9741663,0.95323884
0.99236,0.98463,0.98212,0.98463,0.98463,0.9819,0.98174,0.9809,0.9809,0.98339003,0.98174,0.96441996,0.96992,0.97905,0.95587,0.9924425,0.9845717,0.98268414,0.98494506,0.98440707,0.98187023,0.98179996,0.9804412,0.98065865,0.9831526,0.9814331,0.96588886,0.96964765,0.9781782,0.9560241
0.99366,0.98723006,0.9855,0.98723006,0.98723006,0.98428,0.98414004,0.98328,0.98328,0.98555,0.98414004,0.97322,0.97236997,0.98178,0.95832,0.99350345,0.9869896,0.98541474,0.98740625,0.9869645,0.9845541,0.98429936,0.98321486,0.9834613,0.9854914,0.98381925,0.9725694,0.9725481,0.9810006,0.95856464
